[{"pk": 1, "model": "south.migrationhistory", "fields": {"applied": "2011-10-25 11:01:41", "app_name": "ets", "migration": "0001_initial"}}, {"pk": 2, "model": "south.migrationhistory", "fields": {"applied": "2011-10-25 11:01:50", "app_name": "offliner", "migration": "0001_initial"}}, {"pk": "ISBX002", "model": "ets.compas", "fields": {"read_only": false, "db_engine": "django.db.backends.sqlite3", "db_user": "", "db_password": "", "officers": [1], "db_port": "", "db_name": "compas", "db_host": "localhost"}}, {"pk": "ISBX", "model": "ets.location", "fields": {"country": "586", "name": "ISLAMABAD_CAP"}}, {"pk": "OE7X", "model": "ets.location", "fields": {"country": "586", "name": "THARPARKAR"}}, {"pk": "DOEAF", "model": "ets.organization", "fields": {"name": "First consignee in our system"}}, {"pk": "WFP", "model": "ets.organization", "fields": {"name": ""}}, {"pk": "OE7X001", "model": "ets.warehouse", "fields": {"_order": 0, "name": "EDO OFFICE MEHTI", "compas": "ISBX002", "location": "OE7X", "organization": "DOEAF", "start_date": "2011-10-18"}}, {"pk": "ISBX003", "model": "ets.warehouse", "fields": {"_order": 0, "name": "ISLAMABAD CITY OFFICE", "compas": "ISBX002", "location": "ISBX", "organization": "DOEAF", "start_date": "2011-10-18"}}, {"pk": "ISBX002", "model": "ets.warehouse", "fields": {"_order": 1, "name": "PAKISTAN COUNTRY OFFICE", "compas": "ISBX002", "location": "ISBX", "organization": "WFP", "start_date": "2011-10-17"}}, {"pk": "MIX", "model": "ets.commoditycategory", "fields": {}}, {"pk": "SED", "model": "ets.commoditycategory", "fields": {}}, {"pk": "BEER", "model": "ets.commodity", "fields": {"category": "MIX", "name": "COOL UKRAINIAN BEER"}}, {"pk": "wheet", "model": "ets.commodity", "fields": {"category": "SED", "name": "WHEET"}}, {"pk": "BG16", "model": "ets.package", "fields": {"name": "BULK"}}, {"pk": "CG15", "model": "ets.package", "fields": {"name": "CARTON, FIBREBOARD, 100 X 100 GRM BAG"}}, {"pk": "KARX025KARX0010000944801MIXMIXHEBCG15586", "model": "ets.stockitem", "fields": {"si_record_id": "testme0123", "quality_code": "G", "updated": "2011-11-01 07:29:42", "si_code": "123", "unit_weight_net": 0.2, "commodity": "BEER", "package": "CG15", "quality_description": "Good", "allocation_code": "586", "is_bulk": false, "_order": 0, "project_number": "1", "warehouse": "ISBX002", "origin_id": "testme0123", "number_of_units": 50, "unit_weight_gross": 0.22}}, {"pk": "KARX025KARX0010000944801MIXMIXHEBCG15587", "model": "ets.stockitem", "fields": {"si_record_id": "testme01231", "quality_code": "G", "updated": "2011-11-01 07:29:42", "si_code": "123", "unit_weight_net": 5000000, "commodity": "wheet", "package": "BG16", "quality_description": "Good", "allocation_code": "586", "is_bulk": true, "_order": 0, "project_number": "1", "warehouse": "ISBX003", "origin_id": "testme01231", "number_of_units": 0.01, "unit_weight_gross": 1100}}, {"pk": "KARX025KARX0010000944801MIXMIXHEBCG1558", "model": "ets.stockitem", "fields": {"si_record_id": "testme0124", "quality_code": "G", "updated": "2011-11-01 07:29:42", "si_code": "123", "unit_weight_net": 1, "commodity": "wheet", "package": "BG16", "quality_description": "Good", "allocation_code": "586", "is_bulk": true, "_order": 1, "project_number": "1", "warehouse": "ISBX002", "origin_id": "testme0124", "number_of_units": 1000, "unit_weight_gross": 0.015}}, {"pk": "KARX025KARX0010000944801MIXMIXHEBCG15588", "model": "ets.stockitem", "fields": {"si_record_id": "testme01232", "quality_code": "G", "updated": "2011-11-01 07:29:42", "si_code": "123", "unit_weight_net": 5000000, "commodity": "wheet", "package": "BG16", "quality_description": "Good", "allocation_code": "586", "is_bulk": true, "_order": 1, "project_number": "1", "warehouse": "ISBX003", "origin_id": "testme01232", "number_of_units": 0.01, "unit_weight_gross": 1100}}, {"pk": "KARX025KARX0010000944801MIXMIXHEBCG15589", "model": "ets.stockitem", "fields": {"si_record_id": "testme01233", "quality_code": "G", "updated": "2011-11-01 07:29:42", "si_code": "123", "unit_weight_net": 5000000, "commodity": "wheet", "package": "BG16", "quality_description": "Good", "allocation_code": "586", "is_bulk": true, "_order": 2, "project_number": "1", "warehouse": "ISBX003", "origin_id": "testme01233", "number_of_units": 0.01, "unit_weight_gross": 1100}}, {"pk": "KARX025KARX0011234EBCG15587", "model": "ets.stockitem", "fields": {"si_record_id": "anotherstock1234", "quality_code": "G", "updated": "2011-11-01 07:29:42", "si_code": "123", "unit_weight_net": 1, "commodity": "wheet", "package": "BG16", "quality_description": "Good", "allocation_code": "586", "is_bulk": true, "_order": 3, "project_number": "1", "warehouse": "ISBX003", "origin_id": "anotherstock1234", "number_of_units": 1000, "unit_weight_gross": 0.015}}, {"pk": "KARX025KARX0011234EBCG15582", "model": "ets.stockitem", "fields": {"si_record_id": "anotherstock12345", "quality_code": "G", "updated": "2011-11-01 07:29:42", "si_code": "123", "unit_weight_net": 1, "commodity": "wheet", "package": "BG16", "quality_description": "Good", "allocation_code": "586", "is_bulk": true, "_order": 4, "project_number": "1", "warehouse": "ISBX003", "origin_id": "anotherstock12345", "number_of_units": 1000, "unit_weight_gross": 0.015}}, {"pk": "lmix", "model": "ets.lossdamagetype", "fields": {"category": "MIX", "cause": "INFESTATION", "type": "L"}}, {"pk": "lsed", "model": "ets.lossdamagetype", "fields": {"category": "SED", "cause": "PROCESSING/TRANSFORMATION OF COMMODITY", "type": "L"}}, {"pk": "dmix", "model": "ets.lossdamagetype", "fields": {"category": "MIX", "cause": "BAG WET BY WATER", "type": "D"}}, {"pk": "dsed", "model": "ets.lossdamagetype", "fields": {"category": "SED", "cause": "POOR HANDLING", "type": "D"}}, {"pk": "OURLITORDER", "model": "ets.order", "fields": {"transport_name": "MUSLIM TRANSPORT", "updated": "2011-10-25 13:02:10", "created": "2010-11-02", "dispatch_date": "2011-11-03", "consignee": "DOEAF", "transport_ouc": "ISBX001", "expiry": "2011-11-14", "location": "ISBX", "project_number": "1", "warehouse": "ISBX002", "origin_type": "2", "transport_code": "M001"}}, {"pk": "THEIRORDER", "model": "ets.order", "fields": {"transport_name": "MUSLIM TRANSPORT", "updated": "2011-10-25 13:02:10", "created": "2010-11-02", "dispatch_date": "2011-11-03", "consignee": "DOEAF", "transport_ouc": "ISBX001", "expiry": "2011-11-14", "location": "ISBX", "project_number": "1", "warehouse": "ISBX003", "origin_type": "2", "transport_code": "M001"}}, {"pk": "THEIRORDEROLD", "model": "ets.order", "fields": {"transport_name": "MUSLIM TRANSPORT", "updated": "2011-10-25 13:02:10", "created": "2010-11-02", "dispatch_date": "2009-11-03", "consignee": "DOEAF", "transport_ouc": "ISBX001", "expiry": "2011-11-14", "location": "ISBX", "project_number": "1", "warehouse": "ISBX003", "origin_type": "2", "transport_code": "M001"}}, {"pk": 1, "model": "ets.orderitem", "fields": {"si_code": "123", "commodity": "BEER", "lti_pk": "QANX001000000000000005217HQX0001000000000000984141", "lti_id": null, "_order": 0, "order": "OURLITORDER", "number_of_units": 35}}, {"pk": 2, "model": "ets.orderitem", "fields": {"si_code": "123", "commodity": "wheet", "lti_pk": "QANX001000000000000005217HQX0001000000000000984142", "lti_id": null, "_order": 0, "order": "THEIRORDER", "number_of_units": 70}}, {"pk": 3, "model": "ets.orderitem", "fields": {"si_code": "123", "commodity": "wheet", "lti_pk": "QANX001000000000000005217HQX0001000000000000984143", "lti_id": null, "_order": 0, "order": "THEIRORDEROLD", "number_of_units": 70}}, {"pk": 25, "model": "ets.waybillauditlogentry", "fields": {"_order": 0, "receipt_signed_date": null, "dispatch_date": "2011-06-12", "action_user": 2, "transport_dispach_signed_date": null, "end_discharge_date": null, "validated": false, "transport_driver_licence": "EG234454", "container_two_remarks_reciept": "", "arrival_date": null, "container_two_number": "", "destination": "ISBX003", "slug": "ISBX00211A", "container_two_seal_number": "", "transport_trailer_registration": "", "dispatcher_person": 2, "receipt_person": null, "distance": null, "date_removed": null, "receipt_validated": false, "loading_date": "2011-06-12", "receipt_sent_compas": null, "transport_driver_name": "Ahmed", "sent_compas": null, "dispatch_remarks": "", "container_one_seal_number": "", "container_one_remarks_reciept": "", "receipt_remarks": "", "transport_sub_contractor": "", "container_two_remarks_dispatch": "", "date_modified": "2011-11-02 10:57:36", "transport_vehicle_registration": "AE234454", "start_discharge_date": null, "transaction_type": "WIT", "container_one_remarks_dispatch": "", "action_date": "2011-11-02 10:57:36", "transport_type": "02", "action_type": "U", "container_one_number": "", "date_created": "2011-06-12 05:36:54", "order": "OURLITORDER"}}, {"pk": 24, "model": "ets.waybillauditlogentry", "fields": {"_order": 0, "receipt_signed_date": null, "dispatch_date": "2011-06-12", "action_user": null, "transport_dispach_signed_date": "2011-06-12 05:36:54", "end_discharge_date": "2011-08-22", "validated": false, "transport_driver_licence": "EG234454", "container_two_remarks_reciept": "", "arrival_date": "2011-08-22", "container_two_number": "", "destination": "ISBX002", "slug": "ISBX00312A", "container_two_seal_number": "", "transport_trailer_registration": "", "dispatcher_person": 3, "receipt_person": 2, "distance": 5, "date_removed": null, "receipt_validated": false, "loading_date": "2011-06-12", "receipt_sent_compas": null, "transport_driver_name": "Ahmed", "sent_compas": null, "dispatch_remarks": "That was long night", "container_one_seal_number": "", "container_one_remarks_reciept": "", "receipt_remarks": "", "transport_sub_contractor": "Arpaso", "container_two_remarks_dispatch": "", "date_modified": "2011-08-22 07:11:38", "transport_vehicle_registration": "AE234454", "start_discharge_date": "2011-08-22", "transaction_type": "WIT", "container_one_remarks_dispatch": "", "action_date": "2011-11-01 07:29:44", "transport_type": "02", "action_type": "U", "container_one_number": "", "date_created": "2011-06-12 05:36:54", "order": "THEIRORDER"}}, {"pk": 23, "model": "ets.waybillauditlogentry", "fields": {"_order": 0, "receipt_signed_date": null, "dispatch_date": "2011-06-12", "action_user": null, "transport_dispach_signed_date": "2011-06-12 05:36:54", "end_discharge_date": null, "validated": false, "transport_driver_licence": "EG234454", "container_two_remarks_reciept": "", "arrival_date": null, "container_two_number": "", "destination": "ISBX002", "slug": "ISBX00311A", "container_two_seal_number": "", "transport_trailer_registration": "", "dispatcher_person": 3, "receipt_person": null, "distance": null, "date_removed": null, "receipt_validated": false, "loading_date": "2011-06-12", "receipt_sent_compas": null, "transport_driver_name": "Ahmed", "sent_compas": null, "dispatch_remarks": "That was long night", "container_one_seal_number": "", "container_one_remarks_reciept": "", "receipt_remarks": "", "transport_sub_contractor": "Arpaso", "container_two_remarks_dispatch": "", "date_modified": "2011-11-01 07:29:44", "transport_vehicle_registration": "AE234454", "start_discharge_date": null, "transaction_type": "WIT", "container_one_remarks_dispatch": "", "action_date": "2011-11-01 07:29:44", "transport_type": "02", "action_type": "U", "container_one_number": "", "date_created": "2011-06-12 05:36:54", "order": "THEIRORDER"}}, {"pk": 22, "model": "ets.waybillauditlogentry", "fields": {"_order": 0, "receipt_signed_date": null, "dispatch_date": "2011-06-12", "action_user": null, "transport_dispach_signed_date": null, "end_discharge_date": null, "validated": false, "transport_driver_licence": "EG234454", "container_two_remarks_reciept": "", "arrival_date": null, "container_two_number": "", "destination": "ISBX003", "slug": "ISBX00211A", "container_two_seal_number": "", "transport_trailer_registration": "", "dispatcher_person": 2, "receipt_person": null, "distance": null, "date_removed": null, "receipt_validated": false, "loading_date": "2011-06-12", "receipt_sent_compas": null, "transport_driver_name": "Ahmed", "sent_compas": null, "dispatch_remarks": "", "container_one_seal_number": "", "container_one_remarks_reciept": "", "receipt_remarks": "", "transport_sub_contractor": "", "container_two_remarks_dispatch": "", "date_modified": "2011-11-01 07:29:44", "transport_vehicle_registration": "AE234454", "start_discharge_date": null, "transaction_type": "WIT", "container_one_remarks_dispatch": "", "action_date": "2011-11-01 07:29:44", "transport_type": "02", "action_type": "U", "container_one_number": "", "date_created": "2011-06-12 05:36:54", "order": "OURLITORDER"}}, {"pk": 21, "model": "ets.waybillauditlogentry", "fields": {"_order": 0, "receipt_signed_date": null, "dispatch_date": "2011-06-12", "action_user": null, "transport_dispach_signed_date": "2011-06-12 05:36:54", "end_discharge_date": "2011-08-22", "validated": false, "transport_driver_licence": "EG234454", "container_two_remarks_reciept": "", "arrival_date": "2011-08-22", "container_two_number": "", "destination": "ISBX002", "slug": "ISBX00312A", "container_two_seal_number": "", "transport_trailer_registration": "", "dispatcher_person": 3, "receipt_person": 2, "distance": 5, "date_removed": null, "receipt_validated": false, "loading_date": "2011-06-12", "receipt_sent_compas": null, "transport_driver_name": "Ahmed", "sent_compas": null, "dispatch_remarks": "That was long night", "container_one_seal_number": "", "container_one_remarks_reciept": "", "receipt_remarks": "", "transport_sub_contractor": "Arpaso", "container_two_remarks_dispatch": "", "date_modified": "2011-08-22 07:11:38", "transport_vehicle_registration": "AE234454", "start_discharge_date": "2011-08-22", "transaction_type": "WIT", "container_one_remarks_dispatch": "", "action_date": "2011-10-31 12:31:09", "transport_type": "02", "action_type": "U", "container_one_number": "", "date_created": "2011-06-12 05:36:54", "order": "THEIRORDER"}}, {"pk": 20, "model": "ets.waybillauditlogentry", "fields": {"_order": 0, "receipt_signed_date": null, "dispatch_date": "2011-06-12", "action_user": null, "transport_dispach_signed_date": "2011-06-12 05:36:54", "end_discharge_date": null, "validated": false, "transport_driver_licence": "EG234454", "container_two_remarks_reciept": "", "arrival_date": null, "container_two_number": "", "destination": "ISBX002", "slug": "ISBX00311A", "container_two_seal_number": "", "transport_trailer_registration": "", "dispatcher_person": 3, "receipt_person": null, "distance": null, "date_removed": null, "receipt_validated": false, "loading_date": "2011-06-12", "receipt_sent_compas": null, "transport_driver_name": "Ahmed", "sent_compas": null, "dispatch_remarks": "That was long night", "container_one_seal_number": "", "container_one_remarks_reciept": "", "receipt_remarks": "", "transport_sub_contractor": "Arpaso", "container_two_remarks_dispatch": "", "date_modified": "2011-10-31 12:31:09", "transport_vehicle_registration": "AE234454", "start_discharge_date": null, "transaction_type": "WIT", "container_one_remarks_dispatch": "", "action_date": "2011-10-31 12:31:09", "transport_type": "02", "action_type": "U", "container_one_number": "", "date_created": "2011-06-12 05:36:54", "order": "THEIRORDER"}}, {"pk": 19, "model": "ets.waybillauditlogentry", "fields": {"_order": 0, "receipt_signed_date": null, "dispatch_date": "2011-06-12", "action_user": null, "transport_dispach_signed_date": null, "end_discharge_date": null, "validated": false, "transport_driver_licence": "EG234454", "container_two_remarks_reciept": "", "arrival_date": null, "container_two_number": "", "destination": "ISBX003", "slug": "ISBX00211A", "container_two_seal_number": "", "transport_trailer_registration": "", "dispatcher_person": 2, "receipt_person": null, "distance": null, "date_removed": null, "receipt_validated": false, "loading_date": "2011-06-12", "receipt_sent_compas": null, "transport_driver_name": "Ahmed", "sent_compas": null, "dispatch_remarks": "", "container_one_seal_number": "", "container_one_remarks_reciept": "", "receipt_remarks": "", "transport_sub_contractor": "", "container_two_remarks_dispatch": "", "date_modified": "2011-10-31 12:31:09", "transport_vehicle_registration": "AE234454", "start_discharge_date": null, "transaction_type": "WIT", "container_one_remarks_dispatch": "", "action_date": "2011-10-31 12:31:09", "transport_type": "02", "action_type": "U", "container_one_number": "", "date_created": "2011-06-12 05:36:54", "order": "OURLITORDER"}}, {"pk": 18, "model": "ets.waybillauditlogentry", "fields": {"_order": 0, "receipt_signed_date": null, "dispatch_date": "2011-06-12", "action_user": null, "transport_dispach_signed_date": "2011-06-12 05:36:54", "end_discharge_date": "2011-08-22", "validated": false, "transport_driver_licence": "EG234454", "container_two_remarks_reciept": "", "arrival_date": "2011-08-22", "container_two_number": "", "destination": "ISBX002", "slug": "ISBX00312A", "container_two_seal_number": "", "transport_trailer_registration": "", "dispatcher_person": 3, "receipt_person": 2, "distance": 5, "date_removed": null, "receipt_validated": false, "loading_date": "2011-06-12", "receipt_sent_compas": null, "transport_driver_name": "Ahmed", "sent_compas": null, "dispatch_remarks": "That was long night", "container_one_seal_number": "", "container_one_remarks_reciept": "", "receipt_remarks": "", "transport_sub_contractor": "Arpaso", "container_two_remarks_dispatch": "", "date_modified": "2011-08-22 07:11:38", "transport_vehicle_registration": "AE234454", "start_discharge_date": "2011-08-22", "transaction_type": "WIT", "container_one_remarks_dispatch": "", "action_date": "2011-10-31 12:25:09", "transport_type": "02", "action_type": "U", "container_one_number": "", "date_created": "2011-06-12 05:36:54", "order": "THEIRORDER"}}, {"pk": 17, "model": "ets.waybillauditlogentry", "fields": {"_order": 0, "receipt_signed_date": null, "dispatch_date": "2011-06-12", "action_user": null, "transport_dispach_signed_date": "2011-06-12 05:36:54", "end_discharge_date": null, "validated": false, "transport_driver_licence": "EG234454", "container_two_remarks_reciept": "", "arrival_date": null, "container_two_number": "", "destination": "ISBX002", "slug": "ISBX00311A", "container_two_seal_number": "", "transport_trailer_registration": "", "dispatcher_person": 3, "receipt_person": null, "distance": null, "date_removed": null, "receipt_validated": false, "loading_date": "2011-06-12", "receipt_sent_compas": null, "transport_driver_name": "Ahmed", "sent_compas": null, "dispatch_remarks": "That was long night", "container_one_seal_number": "", "container_one_remarks_reciept": "", "receipt_remarks": "", "transport_sub_contractor": "Arpaso", "container_two_remarks_dispatch": "", "date_modified": "2011-10-31 12:25:09", "transport_vehicle_registration": "AE234454", "start_discharge_date": null, "transaction_type": "WIT", "container_one_remarks_dispatch": "", "action_date": "2011-10-31 12:25:09", "transport_type": "02", "action_type": "U", "container_one_number": "", "date_created": "2011-06-12 05:36:54", "order": "THEIRORDER"}}, {"pk": 16, "model": "ets.waybillauditlogentry", "fields": {"_order": 0, "receipt_signed_date": null, "dispatch_date": "2011-06-12", "action_user": null, "transport_dispach_signed_date": null, "end_discharge_date": null, "validated": false, "transport_driver_licence": "EG234454", "container_two_remarks_reciept": "", "arrival_date": null, "container_two_number": "", "destination": "ISBX003", "slug": "ISBX00211A", "container_two_seal_number": "", "transport_trailer_registration": "", "dispatcher_person": 2, "receipt_person": null, "distance": null, "date_removed": null, "receipt_validated": false, "loading_date": "2011-06-12", "receipt_sent_compas": null, "transport_driver_name": "Ahmed", "sent_compas": null, "dispatch_remarks": "", "container_one_seal_number": "", "container_one_remarks_reciept": "", "receipt_remarks": "", "transport_sub_contractor": "", "container_two_remarks_dispatch": "", "date_modified": "2011-10-31 12:25:09", "transport_vehicle_registration": "AE234454", "start_discharge_date": null, "transaction_type": "WIT", "container_one_remarks_dispatch": "", "action_date": "2011-10-31 12:25:09", "transport_type": "02", "action_type": "U", "container_one_number": "", "date_created": "2011-06-12 05:36:54", "order": "OURLITORDER"}}, {"pk": 15, "model": "ets.waybillauditlogentry", "fields": {"_order": 0, "receipt_signed_date": null, "dispatch_date": "2011-06-12", "action_user": null, "transport_dispach_signed_date": "2011-06-12 05:36:54", "end_discharge_date": "2011-08-22", "validated": false, "transport_driver_licence": "EG234454", "container_two_remarks_reciept": "", "arrival_date": "2011-08-22", "container_two_number": "", "destination": "ISBX002", "slug": "ISBX00312A", "container_two_seal_number": "", "transport_trailer_registration": "", "dispatcher_person": 3, "receipt_person": 2, "distance": 5, "date_removed": null, "receipt_validated": false, "loading_date": "2011-06-12", "receipt_sent_compas": null, "transport_driver_name": "Ahmed", "sent_compas": null, "dispatch_remarks": "That was long night", "container_one_seal_number": "", "container_one_remarks_reciept": "", "receipt_remarks": "", "transport_sub_contractor": "Arpaso", "container_two_remarks_dispatch": "", "date_modified": "2011-08-22 07:11:38", "transport_vehicle_registration": "AE234454", "start_discharge_date": "2011-08-22", "transaction_type": "WIT", "container_one_remarks_dispatch": "", "action_date": "2011-10-31 12:10:48", "transport_type": "02", "action_type": "U", "container_one_number": "", "date_created": "2011-06-12 05:36:54", "order": "THEIRORDER"}}, {"pk": 14, "model": "ets.waybillauditlogentry", "fields": {"_order": 0, "receipt_signed_date": null, "dispatch_date": "2011-06-12", "action_user": null, "transport_dispach_signed_date": "2011-06-12 05:36:54", "end_discharge_date": null, "validated": false, "transport_driver_licence": "EG234454", "container_two_remarks_reciept": "", "arrival_date": null, "container_two_number": "", "destination": "ISBX002", "slug": "ISBX00311A", "container_two_seal_number": "", "transport_trailer_registration": "", "dispatcher_person": 3, "receipt_person": null, "distance": null, "date_removed": null, "receipt_validated": false, "loading_date": "2011-06-12", "receipt_sent_compas": null, "transport_driver_name": "Ahmed", "sent_compas": null, "dispatch_remarks": "That was long night", "container_one_seal_number": "", "container_one_remarks_reciept": "", "receipt_remarks": "", "transport_sub_contractor": "Arpaso", "container_two_remarks_dispatch": "", "date_modified": "2011-10-31 12:10:48", "transport_vehicle_registration": "AE234454", "start_discharge_date": null, "transaction_type": "WIT", "container_one_remarks_dispatch": "", "action_date": "2011-10-31 12:10:48", "transport_type": "02", "action_type": "U", "container_one_number": "", "date_created": "2011-06-12 05:36:54", "order": "THEIRORDER"}}, {"pk": 13, "model": "ets.waybillauditlogentry", "fields": {"_order": 0, "receipt_signed_date": null, "dispatch_date": "2011-06-12", "action_user": null, "transport_dispach_signed_date": null, "end_discharge_date": null, "validated": false, "transport_driver_licence": "EG234454", "container_two_remarks_reciept": "", "arrival_date": null, "container_two_number": "", "destination": "ISBX003", "slug": "ISBX00211A", "container_two_seal_number": "", "transport_trailer_registration": "", "dispatcher_person": 2, "receipt_person": null, "distance": null, "date_removed": null, "receipt_validated": false, "loading_date": "2011-06-12", "receipt_sent_compas": null, "transport_driver_name": "Ahmed", "sent_compas": null, "dispatch_remarks": "", "container_one_seal_number": "", "container_one_remarks_reciept": "", "receipt_remarks": "", "transport_sub_contractor": "", "container_two_remarks_dispatch": "", "date_modified": "2011-10-31 12:10:48", "transport_vehicle_registration": "AE234454", "start_discharge_date": null, "transaction_type": "WIT", "container_one_remarks_dispatch": "", "action_date": "2011-10-31 12:10:48", "transport_type": "02", "action_type": "U", "container_one_number": "", "date_created": "2011-06-12 05:36:54", "order": "OURLITORDER"}}, {"pk": 12, "model": "ets.waybillauditlogentry", "fields": {"_order": 0, "receipt_signed_date": null, "dispatch_date": "2011-06-12", "action_user": null, "transport_dispach_signed_date": "2011-06-12 05:36:54", "end_discharge_date": "2011-08-22", "validated": false, "transport_driver_licence": "EG234454", "container_two_remarks_reciept": "", "arrival_date": "2011-08-22", "container_two_number": "", "destination": "ISBX002", "slug": "ISBX00312A", "container_two_seal_number": "", "transport_trailer_registration": "", "dispatcher_person": 3, "receipt_person": 2, "distance": 5, "date_removed": null, "receipt_validated": false, "loading_date": "2011-06-12", "receipt_sent_compas": null, "transport_driver_name": "Ahmed", "sent_compas": null, "dispatch_remarks": "That was long night", "container_one_seal_number": "", "container_one_remarks_reciept": "", "receipt_remarks": "", "transport_sub_contractor": "Arpaso", "container_two_remarks_dispatch": "", "date_modified": "2011-08-22 07:11:38", "transport_vehicle_registration": "AE234454", "start_discharge_date": "2011-08-22", "transaction_type": "WIT", "container_one_remarks_dispatch": "", "action_date": "2011-10-31 12:09:21", "transport_type": "02", "action_type": "U", "container_one_number": "", "date_created": "2011-06-12 05:36:54", "order": "THEIRORDER"}}, {"pk": 11, "model": "ets.waybillauditlogentry", "fields": {"_order": 0, "receipt_signed_date": null, "dispatch_date": "2011-06-12", "action_user": null, "transport_dispach_signed_date": "2011-06-12 05:36:54", "end_discharge_date": null, "validated": false, "transport_driver_licence": "EG234454", "container_two_remarks_reciept": "", "arrival_date": null, "container_two_number": "", "destination": "ISBX002", "slug": "ISBX00311A", "container_two_seal_number": "", "transport_trailer_registration": "", "dispatcher_person": 3, "receipt_person": null, "distance": null, "date_removed": null, "receipt_validated": false, "loading_date": "2011-06-12", "receipt_sent_compas": null, "transport_driver_name": "Ahmed", "sent_compas": null, "dispatch_remarks": "That was long night", "container_one_seal_number": "", "container_one_remarks_reciept": "", "receipt_remarks": "", "transport_sub_contractor": "Arpaso", "container_two_remarks_dispatch": "", "date_modified": "2011-10-31 12:09:21", "transport_vehicle_registration": "AE234454", "start_discharge_date": null, "transaction_type": "WIT", "container_one_remarks_dispatch": "", "action_date": "2011-10-31 12:09:21", "transport_type": "02", "action_type": "U", "container_one_number": "", "date_created": "2011-06-12 05:36:54", "order": "THEIRORDER"}}, {"pk": 10, "model": "ets.waybillauditlogentry", "fields": {"_order": 0, "receipt_signed_date": null, "dispatch_date": "2011-06-12", "action_user": null, "transport_dispach_signed_date": null, "end_discharge_date": null, "validated": false, "transport_driver_licence": "EG234454", "container_two_remarks_reciept": "", "arrival_date": null, "container_two_number": "", "destination": "ISBX003", "slug": "ISBX00211A", "container_two_seal_number": "", "transport_trailer_registration": "", "dispatcher_person": 2, "receipt_person": null, "distance": null, "date_removed": null, "receipt_validated": false, "loading_date": "2011-06-12", "receipt_sent_compas": null, "transport_driver_name": "Ahmed", "sent_compas": null, "dispatch_remarks": "", "container_one_seal_number": "", "container_one_remarks_reciept": "", "receipt_remarks": "", "transport_sub_contractor": "", "container_two_remarks_dispatch": "", "date_modified": "2011-10-31 12:09:21", "transport_vehicle_registration": "AE234454", "start_discharge_date": null, "transaction_type": "WIT", "container_one_remarks_dispatch": "", "action_date": "2011-10-31 12:09:21", "transport_type": "02", "action_type": "U", "container_one_number": "", "date_created": "2011-06-12 05:36:54", "order": "OURLITORDER"}}, {"pk": 9, "model": "ets.waybillauditlogentry", "fields": {"_order": 0, "receipt_signed_date": null, "dispatch_date": "2011-06-12", "action_user": null, "transport_dispach_signed_date": "2011-06-12 05:36:54", "end_discharge_date": "2011-08-22", "validated": false, "transport_driver_licence": "EG234454", "container_two_remarks_reciept": "", "arrival_date": "2011-08-22", "container_two_number": "", "destination": "ISBX002", "slug": "ISBX00312A", "container_two_seal_number": "", "transport_trailer_registration": "", "dispatcher_person": 3, "receipt_person": 2, "distance": 5, "date_removed": null, "receipt_validated": false, "loading_date": "2011-06-12", "receipt_sent_compas": null, "transport_driver_name": "Ahmed", "sent_compas": null, "dispatch_remarks": "That was long night", "container_one_seal_number": "", "container_one_remarks_reciept": "", "receipt_remarks": "", "transport_sub_contractor": "Arpaso", "container_two_remarks_dispatch": "", "date_modified": "2011-08-22 07:11:38", "transport_vehicle_registration": "AE234454", "start_discharge_date": "2011-08-22", "transaction_type": "WIT", "container_one_remarks_dispatch": "", "action_date": "2011-10-31 12:08:25", "transport_type": "02", "action_type": "U", "container_one_number": "", "date_created": "2011-06-12 05:36:54", "order": "THEIRORDER"}}, {"pk": 8, "model": "ets.waybillauditlogentry", "fields": {"_order": 0, "receipt_signed_date": null, "dispatch_date": "2011-06-12", "action_user": null, "transport_dispach_signed_date": "2011-06-12 05:36:54", "end_discharge_date": null, "validated": false, "transport_driver_licence": "EG234454", "container_two_remarks_reciept": "", "arrival_date": null, "container_two_number": "", "destination": "ISBX002", "slug": "ISBX00311A", "container_two_seal_number": "", "transport_trailer_registration": "", "dispatcher_person": 3, "receipt_person": null, "distance": null, "date_removed": null, "receipt_validated": false, "loading_date": "2011-06-12", "receipt_sent_compas": null, "transport_driver_name": "Ahmed", "sent_compas": null, "dispatch_remarks": "That was long night", "container_one_seal_number": "", "container_one_remarks_reciept": "", "receipt_remarks": "", "transport_sub_contractor": "Arpaso", "container_two_remarks_dispatch": "", "date_modified": "2011-10-31 12:08:25", "transport_vehicle_registration": "AE234454", "start_discharge_date": null, "transaction_type": "WIT", "container_one_remarks_dispatch": "", "action_date": "2011-10-31 12:08:25", "transport_type": "02", "action_type": "U", "container_one_number": "", "date_created": "2011-06-12 05:36:54", "order": "THEIRORDER"}}, {"pk": 7, "model": "ets.waybillauditlogentry", "fields": {"_order": 0, "receipt_signed_date": null, "dispatch_date": "2011-06-12", "action_user": null, "transport_dispach_signed_date": null, "end_discharge_date": null, "validated": false, "transport_driver_licence": "EG234454", "container_two_remarks_reciept": "", "arrival_date": null, "container_two_number": "", "destination": "ISBX003", "slug": "ISBX00211A", "container_two_seal_number": "", "transport_trailer_registration": "", "dispatcher_person": 2, "receipt_person": null, "distance": null, "date_removed": null, "receipt_validated": false, "loading_date": "2011-06-12", "receipt_sent_compas": null, "transport_driver_name": "Ahmed", "sent_compas": null, "dispatch_remarks": "", "container_one_seal_number": "", "container_one_remarks_reciept": "", "receipt_remarks": "", "transport_sub_contractor": "", "container_two_remarks_dispatch": "", "date_modified": "2011-10-31 12:08:25", "transport_vehicle_registration": "AE234454", "start_discharge_date": null, "transaction_type": "WIT", "container_one_remarks_dispatch": "", "action_date": "2011-10-31 12:08:25", "transport_type": "02", "action_type": "U", "container_one_number": "", "date_created": "2011-06-12 05:36:54", "order": "OURLITORDER"}}, {"pk": 6, "model": "ets.waybillauditlogentry", "fields": {"_order": 0, "receipt_signed_date": null, "dispatch_date": "2011-06-12", "action_user": null, "transport_dispach_signed_date": "2011-06-12 05:36:54", "end_discharge_date": "2011-08-22", "validated": false, "transport_driver_licence": "EG234454", "container_two_remarks_reciept": "", "arrival_date": "2011-08-22", "container_two_number": "", "destination": "ISBX002", "slug": "ISBX00312A", "container_two_seal_number": "", "transport_trailer_registration": "", "dispatcher_person": 3, "receipt_person": 2, "distance": 5, "date_removed": null, "receipt_validated": false, "loading_date": "2011-06-12", "receipt_sent_compas": null, "transport_driver_name": "Ahmed", "sent_compas": null, "dispatch_remarks": "That was long night", "container_one_seal_number": "", "container_one_remarks_reciept": "", "receipt_remarks": "", "transport_sub_contractor": "Arpaso", "container_two_remarks_dispatch": "", "date_modified": "2011-08-22 07:11:38", "transport_vehicle_registration": "AE234454", "start_discharge_date": "2011-08-22", "transaction_type": "WIT", "container_one_remarks_dispatch": "", "action_date": "2011-10-31 11:59:23", "transport_type": "02", "action_type": "U", "container_one_number": "", "date_created": "2011-06-12 05:36:54", "order": "THEIRORDER"}}, {"pk": 5, "model": "ets.waybillauditlogentry", "fields": {"_order": 0, "receipt_signed_date": null, "dispatch_date": "2011-06-12", "action_user": null, "transport_dispach_signed_date": "2011-06-12 05:36:54", "end_discharge_date": null, "validated": false, "transport_driver_licence": "EG234454", "container_two_remarks_reciept": "", "arrival_date": null, "container_two_number": "", "destination": "ISBX002", "slug": "ISBX00311A", "container_two_seal_number": "", "transport_trailer_registration": "", "dispatcher_person": 3, "receipt_person": null, "distance": null, "date_removed": null, "receipt_validated": false, "loading_date": "2011-06-12", "receipt_sent_compas": null, "transport_driver_name": "Ahmed", "sent_compas": null, "dispatch_remarks": "That was long night", "container_one_seal_number": "", "container_one_remarks_reciept": "", "receipt_remarks": "", "transport_sub_contractor": "Arpaso", "container_two_remarks_dispatch": "", "date_modified": "2011-10-31 11:59:23", "transport_vehicle_registration": "AE234454", "start_discharge_date": null, "transaction_type": "WIT", "container_one_remarks_dispatch": "", "action_date": "2011-10-31 11:59:23", "transport_type": "02", "action_type": "U", "container_one_number": "", "date_created": "2011-06-12 05:36:54", "order": "THEIRORDER"}}, {"pk": 4, "model": "ets.waybillauditlogentry", "fields": {"_order": 0, "receipt_signed_date": null, "dispatch_date": "2011-06-12", "action_user": null, "transport_dispach_signed_date": null, "end_discharge_date": null, "validated": false, "transport_driver_licence": "EG234454", "container_two_remarks_reciept": "", "arrival_date": null, "container_two_number": "", "destination": "ISBX003", "slug": "ISBX00211A", "container_two_seal_number": "", "transport_trailer_registration": "", "dispatcher_person": 2, "receipt_person": null, "distance": null, "date_removed": null, "receipt_validated": false, "loading_date": "2011-06-12", "receipt_sent_compas": null, "transport_driver_name": "Ahmed", "sent_compas": null, "dispatch_remarks": "", "container_one_seal_number": "", "container_one_remarks_reciept": "", "receipt_remarks": "", "transport_sub_contractor": "", "container_two_remarks_dispatch": "", "date_modified": "2011-10-31 11:59:23", "transport_vehicle_registration": "AE234454", "start_discharge_date": null, "transaction_type": "WIT", "container_one_remarks_dispatch": "", "action_date": "2011-10-31 11:59:23", "transport_type": "02", "action_type": "U", "container_one_number": "", "date_created": "2011-06-12 05:36:54", "order": "OURLITORDER"}}, {"pk": 3, "model": "ets.waybillauditlogentry", "fields": {"_order": 1, "receipt_signed_date": null, "dispatch_date": "2011-06-12", "action_user": null, "transport_dispach_signed_date": "2011-06-12 05:36:54", "end_discharge_date": "2011-08-22", "validated": false, "transport_driver_licence": "EG234454", "container_two_remarks_reciept": "", "arrival_date": "2011-08-22", "container_two_number": "", "destination": "ISBX002", "slug": "ISBX00312A", "container_two_seal_number": "", "transport_trailer_registration": "", "dispatcher_person": 3, "receipt_person": 2, "distance": 5, "date_removed": null, "receipt_validated": false, "loading_date": "2011-06-12", "receipt_sent_compas": null, "transport_driver_name": "Ahmed", "sent_compas": null, "dispatch_remarks": "That was long night", "container_one_seal_number": "", "container_one_remarks_reciept": "", "receipt_remarks": "", "transport_sub_contractor": "Arpaso", "container_two_remarks_dispatch": "", "date_modified": "2011-08-22 07:11:38", "transport_vehicle_registration": "AE234454", "start_discharge_date": "2011-08-22", "transaction_type": "WIT", "container_one_remarks_dispatch": "", "action_date": "2011-10-25 13:02:11", "transport_type": "02", "action_type": "I", "container_one_number": "", "date_created": "2011-06-12 05:36:54", "order": "THEIRORDER"}}, {"pk": 2, "model": "ets.waybillauditlogentry", "fields": {"_order": 0, "receipt_signed_date": null, "dispatch_date": "2011-06-12", "action_user": null, "transport_dispach_signed_date": "2011-06-12 05:36:54", "end_discharge_date": null, "validated": false, "transport_driver_licence": "EG234454", "container_two_remarks_reciept": "", "arrival_date": null, "container_two_number": "", "destination": "ISBX002", "slug": "ISBX00311A", "container_two_seal_number": "", "transport_trailer_registration": "", "dispatcher_person": 3, "receipt_person": null, "distance": null, "date_removed": null, "receipt_validated": false, "loading_date": "2011-06-12", "receipt_sent_compas": null, "transport_driver_name": "Ahmed", "sent_compas": null, "dispatch_remarks": "That was long night", "container_one_seal_number": "", "container_one_remarks_reciept": "", "receipt_remarks": "", "transport_sub_contractor": "Arpaso", "container_two_remarks_dispatch": "", "date_modified": "2011-10-25 13:02:11", "transport_vehicle_registration": "AE234454", "start_discharge_date": null, "transaction_type": "WIT", "container_one_remarks_dispatch": "", "action_date": "2011-10-25 13:02:11", "transport_type": "02", "action_type": "I", "container_one_number": "", "date_created": "2011-06-12 05:36:54", "order": "THEIRORDER"}}, {"pk": 1, "model": "ets.waybillauditlogentry", "fields": {"_order": 0, "receipt_signed_date": null, "dispatch_date": "2011-06-12", "action_user": null, "transport_dispach_signed_date": null, "end_discharge_date": null, "validated": false, "transport_driver_licence": "EG234454", "container_two_remarks_reciept": "", "arrival_date": null, "container_two_number": "", "destination": "ISBX003", "slug": "ISBX00211A", "container_two_seal_number": "", "transport_trailer_registration": "", "dispatcher_person": 2, "receipt_person": null, "distance": null, "date_removed": null, "receipt_validated": false, "loading_date": "2011-06-12", "receipt_sent_compas": null, "transport_driver_name": "Ahmed", "sent_compas": null, "dispatch_remarks": "", "container_one_seal_number": "", "container_one_remarks_reciept": "", "receipt_remarks": "", "transport_sub_contractor": "", "container_two_remarks_dispatch": "", "date_modified": "2011-10-25 13:02:11", "transport_vehicle_registration": "AE234454", "start_discharge_date": null, "transaction_type": "WIT", "container_one_remarks_dispatch": "", "action_date": "2011-10-25 13:02:11", "transport_type": "02", "action_type": "I", "container_one_number": "", "date_created": "2011-06-12 05:36:54", "order": "OURLITORDER"}}, {"pk": "ISBX00211A", "model": "ets.waybill", "fields": {"_order": 0, "receipt_signed_date": null, "dispatch_date": "2011-06-12", "transport_dispach_signed_date": null, "end_discharge_date": null, "validated": false, "transport_driver_licence": "EG234454", "container_two_remarks_reciept": "", "arrival_date": null, "container_two_number": "", "destination": "ISBX003", "container_two_seal_number": "", "transport_trailer_registration": "", "dispatcher_person": 2, "receipt_person": null, "distance": null, "date_removed": null, "receipt_validated": false, "loading_date": "2011-06-12", "receipt_sent_compas": null, "transport_driver_name": "Ahmed", "sent_compas": null, "dispatch_remarks": "", "container_one_seal_number": "", "container_one_remarks_reciept": "", "receipt_remarks": "", "transport_sub_contractor": "", "container_two_remarks_dispatch": "", "date_modified": "2011-11-02 10:57:36", "transport_vehicle_registration": "AE234454", "start_discharge_date": null, "transaction_type": "WIT", "container_one_remarks_dispatch": "", "transport_type": "02", "container_one_number": "", "date_created": "2011-06-12 05:36:54", "order": "OURLITORDER"}}, {"pk": "ISBX00311A", "model": "ets.waybill", "fields": {"_order": 0, "receipt_signed_date": null, "dispatch_date": "2011-06-12", "transport_dispach_signed_date": "2011-06-12 05:36:54", "end_discharge_date": null, "validated": false, "transport_driver_licence": "EG234454", "container_two_remarks_reciept": "", "arrival_date": null, "container_two_number": "", "destination": "ISBX002", "container_two_seal_number": "", "transport_trailer_registration": "", "dispatcher_person": 3, "receipt_person": null, "distance": null, "date_removed": null, "receipt_validated": false, "loading_date": "2011-06-12", "receipt_sent_compas": null, "transport_driver_name": "Ahmed", "sent_compas": null, "dispatch_remarks": "That was long night", "container_one_seal_number": "", "container_one_remarks_reciept": "", "receipt_remarks": "", "transport_sub_contractor": "Arpaso", "container_two_remarks_dispatch": "", "date_modified": "2011-11-01 07:29:44", "transport_vehicle_registration": "AE234454", "start_discharge_date": null, "transaction_type": "WIT", "container_one_remarks_dispatch": "", "transport_type": "02", "container_one_number": "", "date_created": "2011-06-12 05:36:54", "order": "THEIRORDER"}}, {"pk": "ISBX00312A", "model": "ets.waybill", "fields": {"_order": 0, "receipt_signed_date": null, "dispatch_date": "2011-06-12", "transport_dispach_signed_date": "2011-06-12 05:36:54", "end_discharge_date": "2011-08-22", "validated": false, "transport_driver_licence": "EG234454", "container_two_remarks_reciept": "", "arrival_date": "2011-08-22", "container_two_number": "", "destination": "ISBX002", "container_two_seal_number": "", "transport_trailer_registration": "", "dispatcher_person": 3, "receipt_person": 2, "distance": 5, "date_removed": null, "receipt_validated": false, "loading_date": "2011-06-12", "receipt_sent_compas": null, "transport_driver_name": "Ahmed", "sent_compas": null, "dispatch_remarks": "That was long night", "container_one_seal_number": "", "container_one_remarks_reciept": "", "receipt_remarks": "", "transport_sub_contractor": "Arpaso", "container_two_remarks_dispatch": "", "date_modified": "2011-08-22 07:11:38", "transport_vehicle_registration": "AE234454", "start_discharge_date": "2011-08-22", "transaction_type": "WIT", "container_one_remarks_dispatch": "", "transport_type": "02", "container_one_number": "", "date_created": "2011-06-12 05:36:54", "order": "THEIRORDER"}}, {"pk": 56, "model": "ets.loadingdetailauditlogentry", "fields": {"_order": 3, "number_units_good": 15, "stock_item": "KARX025KARX0010000944801MIXMIXHEBCG15589", "waybill": "ISBX00312A", "action_user": null, "action_date": "2011-11-01 07:29:44", "number_units_damaged": 0, "number_units_lost": 0, "action_type": "U", "over_offload_units": false, "units_damaged_reason": null, "overloaded_units": false, "units_lost_reason": null, "slug": "isbx00311a16", "number_of_units": 15}}, {"pk": 55, "model": "ets.loadingdetailauditlogentry", "fields": {"_order": 2, "number_units_good": 5, "stock_item": "KARX025KARX0010000944801MIXMIXHEBCG15588", "waybill": "ISBX00312A", "action_user": null, "action_date": "2011-11-01 07:29:44", "number_units_damaged": 0, "number_units_lost": 0, "action_type": "U", "over_offload_units": false, "units_damaged_reason": null, "overloaded_units": false, "units_lost_reason": null, "slug": "isbx00311a15", "number_of_units": 5}}, {"pk": 54, "model": "ets.loadingdetailauditlogentry", "fields": {"_order": 1, "number_units_good": 3, "stock_item": "KARX025KARX0010000944801MIXMIXHEBCG15587", "waybill": "ISBX00312A", "action_user": null, "action_date": "2011-11-01 07:29:44", "number_units_damaged": 0, "number_units_lost": 0, "action_type": "U", "over_offload_units": false, "units_damaged_reason": null, "overloaded_units": false, "units_lost_reason": null, "slug": "isbx00311a14", "number_of_units": 3}}, {"pk": 53, "model": "ets.loadingdetailauditlogentry", "fields": {"_order": 1, "number_units_good": 0, "stock_item": "KARX025KARX0011234EBCG15582", "waybill": "ISBX00312A", "action_user": null, "action_date": "2011-11-01 07:29:44", "number_units_damaged": 0, "number_units_lost": 10, "action_type": "U", "over_offload_units": false, "units_damaged_reason": null, "overloaded_units": false, "units_lost_reason": "lsed", "slug": "isbx00311a13", "number_of_units": 10}}, {"pk": 52, "model": "ets.loadingdetailauditlogentry", "fields": {"_order": 0, "number_units_good": 0, "stock_item": "KARX025KARX0011234EBCG15587", "waybill": "ISBX00312A", "action_user": null, "action_date": "2011-11-01 07:29:44", "number_units_damaged": 2, "number_units_lost": 0, "action_type": "U", "over_offload_units": false, "units_damaged_reason": "dsed", "overloaded_units": false, "units_lost_reason": null, "slug": "isbx00311a12", "number_of_units": 2}}, {"pk": 51, "model": "ets.loadingdetailauditlogentry", "fields": {"_order": 0, "number_units_good": 0, "stock_item": "KARX025KARX0011234EBCG15587", "waybill": "ISBX00311A", "action_user": null, "action_date": "2011-11-01 07:29:44", "number_units_damaged": 0, "number_units_lost": 0, "action_type": "U", "over_offload_units": false, "units_damaged_reason": null, "overloaded_units": false, "units_lost_reason": null, "slug": "isbx00311a1", "number_of_units": 35}}, {"pk": 50, "model": "ets.loadingdetailauditlogentry", "fields": {"_order": 0, "number_units_good": 0, "stock_item": "KARX025KARX0010000944801MIXMIXHEBCG15586", "waybill": "ISBX00211A", "action_user": null, "action_date": "2011-11-01 07:29:44", "number_units_damaged": 0, "number_units_lost": 0, "action_type": "U", "over_offload_units": false, "units_damaged_reason": null, "overloaded_units": false, "units_lost_reason": null, "slug": "isbx00211a1", "number_of_units": 35}}, {"pk": 49, "model": "ets.loadingdetailauditlogentry", "fields": {"_order": 3, "number_units_good": 15, "stock_item": "KARX025KARX0010000944801MIXMIXHEBCG15589", "waybill": "ISBX00312A", "action_user": null, "action_date": "2011-10-31 12:31:09", "number_units_damaged": 0, "number_units_lost": 0, "action_type": "U", "over_offload_units": false, "units_damaged_reason": null, "overloaded_units": false, "units_lost_reason": null, "slug": "isbx00311a16", "number_of_units": 15}}, {"pk": 48, "model": "ets.loadingdetailauditlogentry", "fields": {"_order": 2, "number_units_good": 5, "stock_item": "KARX025KARX0010000944801MIXMIXHEBCG15588", "waybill": "ISBX00312A", "action_user": null, "action_date": "2011-10-31 12:31:09", "number_units_damaged": 0, "number_units_lost": 0, "action_type": "U", "over_offload_units": false, "units_damaged_reason": null, "overloaded_units": false, "units_lost_reason": null, "slug": "isbx00311a15", "number_of_units": 5}}, {"pk": 47, "model": "ets.loadingdetailauditlogentry", "fields": {"_order": 1, "number_units_good": 3, "stock_item": "KARX025KARX0010000944801MIXMIXHEBCG15587", "waybill": "ISBX00312A", "action_user": null, "action_date": "2011-10-31 12:31:09", "number_units_damaged": 0, "number_units_lost": 0, "action_type": "U", "over_offload_units": false, "units_damaged_reason": null, "overloaded_units": false, "units_lost_reason": null, "slug": "isbx00311a14", "number_of_units": 3}}, {"pk": 46, "model": "ets.loadingdetailauditlogentry", "fields": {"_order": 1, "number_units_good": 0, "stock_item": "KARX025KARX0011234EBCG15582", "waybill": "ISBX00312A", "action_user": null, "action_date": "2011-10-31 12:31:09", "number_units_damaged": 0, "number_units_lost": 10, "action_type": "U", "over_offload_units": false, "units_damaged_reason": null, "overloaded_units": false, "units_lost_reason": "lsed", "slug": "isbx00311a13", "number_of_units": 10}}, {"pk": 45, "model": "ets.loadingdetailauditlogentry", "fields": {"_order": 0, "number_units_good": 0, "stock_item": "KARX025KARX0011234EBCG15587", "waybill": "ISBX00312A", "action_user": null, "action_date": "2011-10-31 12:31:09", "number_units_damaged": 2, "number_units_lost": 0, "action_type": "U", "over_offload_units": false, "units_damaged_reason": "dsed", "overloaded_units": false, "units_lost_reason": null, "slug": "isbx00311a12", "number_of_units": 2}}, {"pk": 44, "model": "ets.loadingdetailauditlogentry", "fields": {"_order": 0, "number_units_good": 0, "stock_item": "KARX025KARX0011234EBCG15587", "waybill": "ISBX00311A", "action_user": null, "action_date": "2011-10-31 12:31:09", "number_units_damaged": 0, "number_units_lost": 0, "action_type": "U", "over_offload_units": false, "units_damaged_reason": null, "overloaded_units": false, "units_lost_reason": null, "slug": "isbx00311a1", "number_of_units": 35}}, {"pk": 43, "model": "ets.loadingdetailauditlogentry", "fields": {"_order": 0, "number_units_good": 0, "stock_item": "KARX025KARX0010000944801MIXMIXHEBCG15586", "waybill": "ISBX00211A", "action_user": null, "action_date": "2011-10-31 12:31:09", "number_units_damaged": 0, "number_units_lost": 0, "action_type": "U", "over_offload_units": false, "units_damaged_reason": null, "overloaded_units": false, "units_lost_reason": null, "slug": "isbx00211a1", "number_of_units": 35}}, {"pk": 42, "model": "ets.loadingdetailauditlogentry", "fields": {"_order": 3, "number_units_good": 15, "stock_item": "KARX025KARX0010000944801MIXMIXHEBCG15589", "waybill": "ISBX00312A", "action_user": null, "action_date": "2011-10-31 12:25:09", "number_units_damaged": 0, "number_units_lost": 0, "action_type": "U", "over_offload_units": false, "units_damaged_reason": null, "overloaded_units": false, "units_lost_reason": null, "slug": "isbx00311a16", "number_of_units": 15}}, {"pk": 41, "model": "ets.loadingdetailauditlogentry", "fields": {"_order": 2, "number_units_good": 5, "stock_item": "KARX025KARX0010000944801MIXMIXHEBCG15588", "waybill": "ISBX00312A", "action_user": null, "action_date": "2011-10-31 12:25:09", "number_units_damaged": 0, "number_units_lost": 0, "action_type": "U", "over_offload_units": false, "units_damaged_reason": null, "overloaded_units": false, "units_lost_reason": null, "slug": "isbx00311a15", "number_of_units": 5}}, {"pk": 40, "model": "ets.loadingdetailauditlogentry", "fields": {"_order": 1, "number_units_good": 3, "stock_item": "KARX025KARX0010000944801MIXMIXHEBCG15587", "waybill": "ISBX00312A", "action_user": null, "action_date": "2011-10-31 12:25:09", "number_units_damaged": 0, "number_units_lost": 0, "action_type": "U", "over_offload_units": false, "units_damaged_reason": null, "overloaded_units": false, "units_lost_reason": null, "slug": "isbx00311a14", "number_of_units": 3}}, {"pk": 39, "model": "ets.loadingdetailauditlogentry", "fields": {"_order": 1, "number_units_good": 0, "stock_item": "KARX025KARX0011234EBCG15582", "waybill": "ISBX00312A", "action_user": null, "action_date": "2011-10-31 12:25:09", "number_units_damaged": 0, "number_units_lost": 10, "action_type": "U", "over_offload_units": false, "units_damaged_reason": null, "overloaded_units": false, "units_lost_reason": "lsed", "slug": "isbx00311a13", "number_of_units": 10}}, {"pk": 38, "model": "ets.loadingdetailauditlogentry", "fields": {"_order": 0, "number_units_good": 0, "stock_item": "KARX025KARX0011234EBCG15587", "waybill": "ISBX00312A", "action_user": null, "action_date": "2011-10-31 12:25:09", "number_units_damaged": 2, "number_units_lost": 0, "action_type": "U", "over_offload_units": false, "units_damaged_reason": "dsed", "overloaded_units": false, "units_lost_reason": null, "slug": "isbx00311a12", "number_of_units": 2}}, {"pk": 37, "model": "ets.loadingdetailauditlogentry", "fields": {"_order": 0, "number_units_good": 0, "stock_item": "KARX025KARX0011234EBCG15587", "waybill": "ISBX00311A", "action_user": null, "action_date": "2011-10-31 12:25:09", "number_units_damaged": 0, "number_units_lost": 0, "action_type": "U", "over_offload_units": false, "units_damaged_reason": null, "overloaded_units": false, "units_lost_reason": null, "slug": "isbx00311a1", "number_of_units": 35}}, {"pk": 36, "model": "ets.loadingdetailauditlogentry", "fields": {"_order": 0, "number_units_good": 0, "stock_item": "KARX025KARX0010000944801MIXMIXHEBCG15586", "waybill": "ISBX00211A", "action_user": null, "action_date": "2011-10-31 12:25:09", "number_units_damaged": 0, "number_units_lost": 0, "action_type": "U", "over_offload_units": false, "units_damaged_reason": null, "overloaded_units": false, "units_lost_reason": null, "slug": "isbx00211a1", "number_of_units": 35}}, {"pk": 35, "model": "ets.loadingdetailauditlogentry", "fields": {"_order": 3, "number_units_good": 15, "stock_item": "KARX025KARX0010000944801MIXMIXHEBCG15589", "waybill": "ISBX00312A", "action_user": null, "action_date": "2011-10-31 12:10:48", "number_units_damaged": 0, "number_units_lost": 0, "action_type": "U", "over_offload_units": false, "units_damaged_reason": null, "overloaded_units": false, "units_lost_reason": null, "slug": "isbx00311a16", "number_of_units": 15}}, {"pk": 34, "model": "ets.loadingdetailauditlogentry", "fields": {"_order": 2, "number_units_good": 5, "stock_item": "KARX025KARX0010000944801MIXMIXHEBCG15588", "waybill": "ISBX00312A", "action_user": null, "action_date": "2011-10-31 12:10:48", "number_units_damaged": 0, "number_units_lost": 0, "action_type": "U", "over_offload_units": false, "units_damaged_reason": null, "overloaded_units": false, "units_lost_reason": null, "slug": "isbx00311a15", "number_of_units": 5}}, {"pk": 33, "model": "ets.loadingdetailauditlogentry", "fields": {"_order": 1, "number_units_good": 3, "stock_item": "KARX025KARX0010000944801MIXMIXHEBCG15587", "waybill": "ISBX00312A", "action_user": null, "action_date": "2011-10-31 12:10:48", "number_units_damaged": 0, "number_units_lost": 0, "action_type": "U", "over_offload_units": false, "units_damaged_reason": null, "overloaded_units": false, "units_lost_reason": null, "slug": "isbx00311a14", "number_of_units": 3}}, {"pk": 32, "model": "ets.loadingdetailauditlogentry", "fields": {"_order": 1, "number_units_good": 0, "stock_item": "KARX025KARX0011234EBCG15582", "waybill": "ISBX00312A", "action_user": null, "action_date": "2011-10-31 12:10:48", "number_units_damaged": 0, "number_units_lost": 10, "action_type": "U", "over_offload_units": false, "units_damaged_reason": null, "overloaded_units": false, "units_lost_reason": "lsed", "slug": "isbx00311a13", "number_of_units": 10}}, {"pk": 31, "model": "ets.loadingdetailauditlogentry", "fields": {"_order": 0, "number_units_good": 0, "stock_item": "KARX025KARX0011234EBCG15587", "waybill": "ISBX00312A", "action_user": null, "action_date": "2011-10-31 12:10:48", "number_units_damaged": 2, "number_units_lost": 0, "action_type": "U", "over_offload_units": false, "units_damaged_reason": "dsed", "overloaded_units": false, "units_lost_reason": null, "slug": "isbx00311a12", "number_of_units": 2}}, {"pk": 30, "model": "ets.loadingdetailauditlogentry", "fields": {"_order": 0, "number_units_good": 0, "stock_item": "KARX025KARX0011234EBCG15587", "waybill": "ISBX00311A", "action_user": null, "action_date": "2011-10-31 12:10:48", "number_units_damaged": 0, "number_units_lost": 0, "action_type": "U", "over_offload_units": false, "units_damaged_reason": null, "overloaded_units": false, "units_lost_reason": null, "slug": "isbx00311a1", "number_of_units": 35}}, {"pk": 29, "model": "ets.loadingdetailauditlogentry", "fields": {"_order": 0, "number_units_good": 0, "stock_item": "KARX025KARX0010000944801MIXMIXHEBCG15586", "waybill": "ISBX00211A", "action_user": null, "action_date": "2011-10-31 12:10:48", "number_units_damaged": 0, "number_units_lost": 0, "action_type": "U", "over_offload_units": false, "units_damaged_reason": null, "overloaded_units": false, "units_lost_reason": null, "slug": "isbx00211a1", "number_of_units": 35}}, {"pk": 28, "model": "ets.loadingdetailauditlogentry", "fields": {"_order": 3, "number_units_good": 15, "stock_item": "KARX025KARX0010000944801MIXMIXHEBCG15589", "waybill": "ISBX00312A", "action_user": null, "action_date": "2011-10-31 12:09:21", "number_units_damaged": 0, "number_units_lost": 0, "action_type": "U", "over_offload_units": false, "units_damaged_reason": null, "overloaded_units": false, "units_lost_reason": null, "slug": "isbx00311a16", "number_of_units": 15}}, {"pk": 27, "model": "ets.loadingdetailauditlogentry", "fields": {"_order": 2, "number_units_good": 5, "stock_item": "KARX025KARX0010000944801MIXMIXHEBCG15588", "waybill": "ISBX00312A", "action_user": null, "action_date": "2011-10-31 12:09:21", "number_units_damaged": 0, "number_units_lost": 0, "action_type": "U", "over_offload_units": false, "units_damaged_reason": null, "overloaded_units": false, "units_lost_reason": null, "slug": "isbx00311a15", "number_of_units": 5}}, {"pk": 26, "model": "ets.loadingdetailauditlogentry", "fields": {"_order": 1, "number_units_good": 3, "stock_item": "KARX025KARX0010000944801MIXMIXHEBCG15587", "waybill": "ISBX00312A", "action_user": null, "action_date": "2011-10-31 12:09:21", "number_units_damaged": 0, "number_units_lost": 0, "action_type": "U", "over_offload_units": false, "units_damaged_reason": null, "overloaded_units": false, "units_lost_reason": null, "slug": "isbx00311a14", "number_of_units": 3}}, {"pk": 25, "model": "ets.loadingdetailauditlogentry", "fields": {"_order": 1, "number_units_good": 0, "stock_item": "KARX025KARX0011234EBCG15582", "waybill": "ISBX00312A", "action_user": null, "action_date": "2011-10-31 12:09:21", "number_units_damaged": 0, "number_units_lost": 10, "action_type": "U", "over_offload_units": false, "units_damaged_reason": null, "overloaded_units": false, "units_lost_reason": "lsed", "slug": "isbx00311a13", "number_of_units": 10}}, {"pk": 24, "model": "ets.loadingdetailauditlogentry", "fields": {"_order": 0, "number_units_good": 0, "stock_item": "KARX025KARX0011234EBCG15587", "waybill": "ISBX00312A", "action_user": null, "action_date": "2011-10-31 12:09:21", "number_units_damaged": 2, "number_units_lost": 0, "action_type": "U", "over_offload_units": false, "units_damaged_reason": "dsed", "overloaded_units": false, "units_lost_reason": null, "slug": "isbx00311a12", "number_of_units": 2}}, {"pk": 23, "model": "ets.loadingdetailauditlogentry", "fields": {"_order": 0, "number_units_good": 0, "stock_item": "KARX025KARX0011234EBCG15587", "waybill": "ISBX00311A", "action_user": null, "action_date": "2011-10-31 12:09:21", "number_units_damaged": 0, "number_units_lost": 0, "action_type": "U", "over_offload_units": false, "units_damaged_reason": null, "overloaded_units": false, "units_lost_reason": null, "slug": "isbx00311a1", "number_of_units": 35}}, {"pk": 22, "model": "ets.loadingdetailauditlogentry", "fields": {"_order": 0, "number_units_good": 0, "stock_item": "KARX025KARX0010000944801MIXMIXHEBCG15586", "waybill": "ISBX00211A", "action_user": null, "action_date": "2011-10-31 12:09:21", "number_units_damaged": 0, "number_units_lost": 0, "action_type": "U", "over_offload_units": false, "units_damaged_reason": null, "overloaded_units": false, "units_lost_reason": null, "slug": "isbx00211a1", "number_of_units": 35}}, {"pk": 21, "model": "ets.loadingdetailauditlogentry", "fields": {"_order": 3, "number_units_good": 15, "stock_item": "KARX025KARX0010000944801MIXMIXHEBCG15589", "waybill": "ISBX00312A", "action_user": null, "action_date": "2011-10-31 12:08:25", "number_units_damaged": 0, "number_units_lost": 0, "action_type": "U", "over_offload_units": false, "units_damaged_reason": null, "overloaded_units": false, "units_lost_reason": null, "slug": "isbx00311a16", "number_of_units": 15}}, {"pk": 20, "model": "ets.loadingdetailauditlogentry", "fields": {"_order": 2, "number_units_good": 5, "stock_item": "KARX025KARX0010000944801MIXMIXHEBCG15588", "waybill": "ISBX00312A", "action_user": null, "action_date": "2011-10-31 12:08:25", "number_units_damaged": 0, "number_units_lost": 0, "action_type": "U", "over_offload_units": false, "units_damaged_reason": null, "overloaded_units": false, "units_lost_reason": null, "slug": "isbx00311a15", "number_of_units": 5}}, {"pk": 19, "model": "ets.loadingdetailauditlogentry", "fields": {"_order": 1, "number_units_good": 3, "stock_item": "KARX025KARX0010000944801MIXMIXHEBCG15587", "waybill": "ISBX00312A", "action_user": null, "action_date": "2011-10-31 12:08:25", "number_units_damaged": 0, "number_units_lost": 0, "action_type": "U", "over_offload_units": false, "units_damaged_reason": null, "overloaded_units": false, "units_lost_reason": null, "slug": "isbx00311a14", "number_of_units": 3}}, {"pk": 18, "model": "ets.loadingdetailauditlogentry", "fields": {"_order": 1, "number_units_good": 0, "stock_item": "KARX025KARX0011234EBCG15582", "waybill": "ISBX00312A", "action_user": null, "action_date": "2011-10-31 12:08:25", "number_units_damaged": 0, "number_units_lost": 10, "action_type": "U", "over_offload_units": false, "units_damaged_reason": null, "overloaded_units": false, "units_lost_reason": "lsed", "slug": "isbx00311a13", "number_of_units": 10}}, {"pk": 17, "model": "ets.loadingdetailauditlogentry", "fields": {"_order": 0, "number_units_good": 0, "stock_item": "KARX025KARX0011234EBCG15587", "waybill": "ISBX00312A", "action_user": null, "action_date": "2011-10-31 12:08:25", "number_units_damaged": 2, "number_units_lost": 0, "action_type": "U", "over_offload_units": false, "units_damaged_reason": "dsed", "overloaded_units": false, "units_lost_reason": null, "slug": "isbx00311a12", "number_of_units": 2}}, {"pk": 16, "model": "ets.loadingdetailauditlogentry", "fields": {"_order": 0, "number_units_good": 0, "stock_item": "KARX025KARX0011234EBCG15587", "waybill": "ISBX00311A", "action_user": null, "action_date": "2011-10-31 12:08:25", "number_units_damaged": 0, "number_units_lost": 0, "action_type": "U", "over_offload_units": false, "units_damaged_reason": null, "overloaded_units": false, "units_lost_reason": null, "slug": "isbx00311a1", "number_of_units": 35}}, {"pk": 15, "model": "ets.loadingdetailauditlogentry", "fields": {"_order": 0, "number_units_good": 0, "stock_item": "KARX025KARX0010000944801MIXMIXHEBCG15586", "waybill": "ISBX00211A", "action_user": null, "action_date": "2011-10-31 12:08:25", "number_units_damaged": 0, "number_units_lost": 0, "action_type": "U", "over_offload_units": false, "units_damaged_reason": null, "overloaded_units": false, "units_lost_reason": null, "slug": "isbx00211a1", "number_of_units": 35}}, {"pk": 14, "model": "ets.loadingdetailauditlogentry", "fields": {"_order": 3, "number_units_good": 15, "stock_item": "KARX025KARX0010000944801MIXMIXHEBCG15589", "waybill": "ISBX00312A", "action_user": null, "action_date": "2011-10-31 11:59:23", "number_units_damaged": 0, "number_units_lost": 0, "action_type": "U", "over_offload_units": false, "units_damaged_reason": null, "overloaded_units": false, "units_lost_reason": null, "slug": "isbx00311a16", "number_of_units": 15}}, {"pk": 13, "model": "ets.loadingdetailauditlogentry", "fields": {"_order": 2, "number_units_good": 5, "stock_item": "KARX025KARX0010000944801MIXMIXHEBCG15588", "waybill": "ISBX00312A", "action_user": null, "action_date": "2011-10-31 11:59:23", "number_units_damaged": 0, "number_units_lost": 0, "action_type": "U", "over_offload_units": false, "units_damaged_reason": null, "overloaded_units": false, "units_lost_reason": null, "slug": "isbx00311a15", "number_of_units": 5}}, {"pk": 12, "model": "ets.loadingdetailauditlogentry", "fields": {"_order": 1, "number_units_good": 3, "stock_item": "KARX025KARX0010000944801MIXMIXHEBCG15587", "waybill": "ISBX00312A", "action_user": null, "action_date": "2011-10-31 11:59:23", "number_units_damaged": 0, "number_units_lost": 0, "action_type": "U", "over_offload_units": false, "units_damaged_reason": null, "overloaded_units": false, "units_lost_reason": null, "slug": "isbx00311a14", "number_of_units": 3}}, {"pk": 11, "model": "ets.loadingdetailauditlogentry", "fields": {"_order": 1, "number_units_good": 0, "stock_item": "KARX025KARX0011234EBCG15582", "waybill": "ISBX00312A", "action_user": null, "action_date": "2011-10-31 11:59:23", "number_units_damaged": 0, "number_units_lost": 10, "action_type": "U", "over_offload_units": false, "units_damaged_reason": null, "overloaded_units": false, "units_lost_reason": "lsed", "slug": "isbx00311a13", "number_of_units": 10}}, {"pk": 10, "model": "ets.loadingdetailauditlogentry", "fields": {"_order": 0, "number_units_good": 0, "stock_item": "KARX025KARX0011234EBCG15587", "waybill": "ISBX00312A", "action_user": null, "action_date": "2011-10-31 11:59:23", "number_units_damaged": 2, "number_units_lost": 0, "action_type": "U", "over_offload_units": false, "units_damaged_reason": "dsed", "overloaded_units": false, "units_lost_reason": null, "slug": "isbx00311a12", "number_of_units": 2}}, {"pk": 9, "model": "ets.loadingdetailauditlogentry", "fields": {"_order": 0, "number_units_good": 0, "stock_item": "KARX025KARX0011234EBCG15587", "waybill": "ISBX00311A", "action_user": null, "action_date": "2011-10-31 11:59:23", "number_units_damaged": 0, "number_units_lost": 0, "action_type": "U", "over_offload_units": false, "units_damaged_reason": null, "overloaded_units": false, "units_lost_reason": null, "slug": "isbx00311a1", "number_of_units": 35}}, {"pk": 8, "model": "ets.loadingdetailauditlogentry", "fields": {"_order": 0, "number_units_good": 0, "stock_item": "KARX025KARX0010000944801MIXMIXHEBCG15586", "waybill": "ISBX00211A", "action_user": null, "action_date": "2011-10-31 11:59:23", "number_units_damaged": 0, "number_units_lost": 0, "action_type": "U", "over_offload_units": false, "units_damaged_reason": null, "overloaded_units": false, "units_lost_reason": null, "slug": "isbx00211a1", "number_of_units": 35}}, {"pk": 7, "model": "ets.loadingdetailauditlogentry", "fields": {"_order": 4, "number_units_good": 15, "stock_item": "KARX025KARX0010000944801MIXMIXHEBCG15589", "waybill": "ISBX00312A", "action_user": null, "action_date": "2011-10-25 13:02:11", "number_units_damaged": 0, "number_units_lost": 0, "action_type": "I", "over_offload_units": false, "units_damaged_reason": null, "overloaded_units": false, "units_lost_reason": null, "slug": "isbx00311a16", "number_of_units": 15}}, {"pk": 6, "model": "ets.loadingdetailauditlogentry", "fields": {"_order": 3, "number_units_good": 5, "stock_item": "KARX025KARX0010000944801MIXMIXHEBCG15588", "waybill": "ISBX00312A", "action_user": null, "action_date": "2011-10-25 13:02:11", "number_units_damaged": 0, "number_units_lost": 0, "action_type": "I", "over_offload_units": false, "units_damaged_reason": null, "overloaded_units": false, "units_lost_reason": null, "slug": "isbx00311a15", "number_of_units": 5}}, {"pk": 5, "model": "ets.loadingdetailauditlogentry", "fields": {"_order": 2, "number_units_good": 3, "stock_item": "KARX025KARX0010000944801MIXMIXHEBCG15587", "waybill": "ISBX00312A", "action_user": null, "action_date": "2011-10-25 13:02:11", "number_units_damaged": 0, "number_units_lost": 0, "action_type": "I", "over_offload_units": false, "units_damaged_reason": null, "overloaded_units": false, "units_lost_reason": null, "slug": "isbx00311a14", "number_of_units": 3}}, {"pk": 4, "model": "ets.loadingdetailauditlogentry", "fields": {"_order": 1, "number_units_good": 0, "stock_item": "KARX025KARX0011234EBCG15582", "waybill": "ISBX00312A", "action_user": null, "action_date": "2011-10-25 13:02:11", "number_units_damaged": 0, "number_units_lost": 10, "action_type": "I", "over_offload_units": false, "units_damaged_reason": null, "overloaded_units": false, "units_lost_reason": "lsed", "slug": "isbx00311a13", "number_of_units": 10}}, {"pk": 3, "model": "ets.loadingdetailauditlogentry", "fields": {"_order": 0, "number_units_good": 0, "stock_item": "KARX025KARX0011234EBCG15587", "waybill": "ISBX00312A", "action_user": null, "action_date": "2011-10-25 13:02:11", "number_units_damaged": 2, "number_units_lost": 0, "action_type": "I", "over_offload_units": false, "units_damaged_reason": "dsed", "overloaded_units": false, "units_lost_reason": null, "slug": "isbx00311a12", "number_of_units": 2}}, {"pk": 2, "model": "ets.loadingdetailauditlogentry", "fields": {"_order": 0, "number_units_good": 0, "stock_item": "KARX025KARX0011234EBCG15587", "waybill": "ISBX00311A", "action_user": null, "action_date": "2011-10-25 13:02:11", "number_units_damaged": 0, "number_units_lost": 0, "action_type": "I", "over_offload_units": false, "units_damaged_reason": null, "overloaded_units": false, "units_lost_reason": null, "slug": "isbx00311a1", "number_of_units": 35}}, {"pk": 1, "model": "ets.loadingdetailauditlogentry", "fields": {"_order": 0, "number_units_good": 0, "stock_item": "KARX025KARX0010000944801MIXMIXHEBCG15586", "waybill": "ISBX00211A", "action_user": null, "action_date": "2011-10-25 13:02:11", "number_units_damaged": 0, "number_units_lost": 0, "action_type": "I", "over_offload_units": false, "units_damaged_reason": null, "overloaded_units": false, "units_lost_reason": null, "slug": "isbx00211a1", "number_of_units": 35}}, {"pk": "ISBX00211A1", "model": "ets.loadingdetail", "fields": {"_order": 0, "number_units_good": 0, "stock_item": "KARX025KARX0010000944801MIXMIXHEBCG15586", "waybill": "ISBX00211A", "number_units_damaged": 0, "number_units_lost": 0, "over_offload_units": false, "units_damaged_reason": null, "overloaded_units": false, "units_lost_reason": null, "number_of_units": 35}}, {"pk": "ISBX00311A1", "model": "ets.loadingdetail", "fields": {"_order": 0, "number_units_good": 0, "stock_item": "KARX025KARX0011234EBCG15587", "waybill": "ISBX00311A", "number_units_damaged": 0, "number_units_lost": 0, "over_offload_units": false, "units_damaged_reason": null, "overloaded_units": false, "units_lost_reason": null, "number_of_units": 35}}, {"pk": "ISBX00311A12", "model": "ets.loadingdetail", "fields": {"_order": 0, "number_units_good": 0, "stock_item": "KARX025KARX0011234EBCG15587", "waybill": "ISBX00312A", "number_units_damaged": 2, "number_units_lost": 0, "over_offload_units": false, "units_damaged_reason": "dsed", "overloaded_units": false, "units_lost_reason": null, "number_of_units": 2}}, {"pk": "ISBX00311A13", "model": "ets.loadingdetail", "fields": {"_order": 1, "number_units_good": 0, "stock_item": "KARX025KARX0011234EBCG15582", "waybill": "ISBX00312A", "number_units_damaged": 0, "number_units_lost": 10, "over_offload_units": false, "units_damaged_reason": null, "overloaded_units": false, "units_lost_reason": "lsed", "number_of_units": 10}}, {"pk": "ISBX00311A14", "model": "ets.loadingdetail", "fields": {"_order": 1, "number_units_good": 3, "stock_item": "KARX025KARX0010000944801MIXMIXHEBCG15587", "waybill": "ISBX00312A", "number_units_damaged": 0, "number_units_lost": 0, "over_offload_units": false, "units_damaged_reason": null, "overloaded_units": false, "units_lost_reason": null, "number_of_units": 3}}, {"pk": "ISBX00311A15", "model": "ets.loadingdetail", "fields": {"_order": 2, "number_units_good": 5, "stock_item": "KARX025KARX0010000944801MIXMIXHEBCG15588", "waybill": "ISBX00312A", "number_units_damaged": 0, "number_units_lost": 0, "over_offload_units": false, "units_damaged_reason": null, "overloaded_units": false, "units_lost_reason": null, "number_of_units": 5}}, {"pk": "ISBX00311A16", "model": "ets.loadingdetail", "fields": {"_order": 3, "number_units_good": 15, "stock_item": "KARX025KARX0010000944801MIXMIXHEBCG15589", "waybill": "ISBX00312A", "number_units_damaged": 0, "number_units_lost": 0, "over_offload_units": false, "units_damaged_reason": null, "overloaded_units": false, "units_lost_reason": null, "number_of_units": 15}}, {"pk": 1, "model": "ets.compaslogger", "fields": {"status": 1, "compas": "ISBX002", "waybill": "ISBX00311A", "when_attempted": "2011-09-14 07:41:12", "action": 1, "message": "Error-Error-Error"}}, {"pk": 36, "model": "contenttypes.contenttype", "fields": {"model": "compaslogger", "name": "COMPAS logger", "app_label": "ets"}}, {"pk": 26, "model": "contenttypes.contenttype", "fields": {"model": "commodity", "name": "Commodity", "app_label": "ets"}}, {"pk": 25, "model": "contenttypes.contenttype", "fields": {"model": "commoditycategory", "name": "Commodity Category", "app_label": "ets"}}, {"pk": 20, "model": "contenttypes.contenttype", "fields": {"model": "compas", "name": "Compas station", "app_label": "ets"}}, {"pk": 29, "model": "contenttypes.contenttype", "fields": {"model": "lossdamagetype", "name": "Loss/Damages Reason", "app_label": "ets"}}, {"pk": 27, "model": "contenttypes.contenttype", "fields": {"model": "package", "name": "Packaging", "app_label": "ets"}}, {"pk": 28, "model": "contenttypes.contenttype", "fields": {"model": "stockitem", "name": "Stock Item", "app_label": "ets"}}, {"pk": 3, "model": "contenttypes.contenttype", "fields": {"model": "compasperson", "name": "compas person", "app_label": "compas"}}, {"pk": 18, "model": "contenttypes.contenttype", "fields": {"model": "consumer", "name": "consumer", "app_label": "piston"}}, {"pk": 13, "model": "contenttypes.contenttype", "fields": {"model": "contenttype", "name": "content type", "app_label": "contenttypes"}}, {"pk": 7, "model": "contenttypes.contenttype", "fields": {"model": "dispatchdetail", "name": "dispatch detail", "app_label": "compas"}}, {"pk": 6, "model": "contenttypes.contenttype", "fields": {"model": "dispatchmaster", "name": "dispatch master", "app_label": "compas"}}, {"pk": 4, "model": "contenttypes.contenttype", "fields": {"model": "epicstock", "name": "epic stock", "app_label": "compas"}}, {"pk": 9, "model": "contenttypes.contenttype", "fields": {"model": "group", "name": "group", "app_label": "auth"}}, {"pk": 35, "model": "contenttypes.contenttype", "fields": {"model": "loadingdetail", "name": "loading detail", "app_label": "ets"}}, {"pk": 34, "model": "contenttypes.contenttype", "fields": {"model": "loadingdetailauditlogentry", "name": "loading detail audit log entry", "app_label": "ets"}}, {"pk": 21, "model": "contenttypes.contenttype", "fields": {"model": "location", "name": "location", "app_label": "ets"}}, {"pk": 12, "model": "contenttypes.contenttype", "fields": {"model": "logentry", "name": "log entry", "app_label": "admin"}}, {"pk": 5, "model": "contenttypes.contenttype", "fields": {"model": "ltioriginal", "name": "lti original", "app_label": "compas"}}, {"pk": 11, "model": "contenttypes.contenttype", "fields": {"model": "message", "name": "message", "app_label": "auth"}}, {"pk": 1, "model": "contenttypes.contenttype", "fields": {"model": "migrationhistory", "name": "migration history", "app_label": "south"}}, {"pk": 16, "model": "contenttypes.contenttype", "fields": {"model": "nonce", "name": "nonce", "app_label": "piston"}}, {"pk": 22, "model": "contenttypes.contenttype", "fields": {"model": "organization", "name": "oranization", "app_label": "ets"}}, {"pk": 30, "model": "contenttypes.contenttype", "fields": {"model": "order", "name": "order", "app_label": "ets"}}, {"pk": 31, "model": "contenttypes.contenttype", "fields": {"model": "orderitem", "name": "order item", "app_label": "ets"}}, {"pk": 8, "model": "contenttypes.contenttype", "fields": {"model": "permission", "name": "permission", "app_label": "auth"}}, {"pk": 24, "model": "contenttypes.contenttype", "fields": {"model": "person", "name": "person", "app_label": "ets"}}, {"pk": 2, "model": "contenttypes.contenttype", "fields": {"model": "place", "name": "place", "app_label": "compas"}}, {"pk": 17, "model": "contenttypes.contenttype", "fields": {"model": "resource", "name": "resource", "app_label": "piston"}}, {"pk": 14, "model": "contenttypes.contenttype", "fields": {"model": "session", "name": "session", "app_label": "sessions"}}, {"pk": 15, "model": "contenttypes.contenttype", "fields": {"model": "site", "name": "site", "app_label": "sites"}}, {"pk": 19, "model": "contenttypes.contenttype", "fields": {"model": "token", "name": "token", "app_label": "piston"}}, {"pk": 37, "model": "contenttypes.contenttype", "fields": {"model": "updatelog", "name": "update log", "app_label": "offliner"}}, {"pk": 10, "model": "contenttypes.contenttype", "fields": {"model": "user", "name": "user", "app_label": "auth"}}, {"pk": 23, "model": "contenttypes.contenttype", "fields": {"model": "warehouse", "name": "warehouse", "app_label": "ets"}}, {"pk": 33, "model": "contenttypes.contenttype", "fields": {"model": "waybill", "name": "waybill", "app_label": "ets"}}, {"pk": 32, "model": "contenttypes.contenttype", "fields": {"model": "waybillauditlogentry", "name": "waybill audit log entry", "app_label": "ets"}}, {"pk": "dd0f7d33c6c02a51b04636bdf6fa0e01", "model": "sessions.session", "fields": {"expire_date": "2011-11-08 13:02:40", "session_data": "MWMwYjU4ZTBiOTJhMzkxMDQzMmUwNjU3NGJlYzViNDBiNzU1NDhmNzqAAn1xAShVEl9hdXRoX3Vz\nZXJfYmFja2VuZHECVSlkamFuZ28uY29udHJpYi5hdXRoLmJhY2tlbmRzLk1vZGVsQmFja2VuZHED\nVQ1fYXV0aF91c2VyX2lkcQRLAXUu\n"}}, {"pk": "28483ec99705926d816d77075d571a0d", "model": "sessions.session", "fields": {"expire_date": "2011-11-15 07:43:11", "session_data": "YzQ0YWUzZWM5YzYxN2E1YWVlYmIyOWY5ZTdhY2MwYTM2MzExNzFlYjqAAn1xAVUKdGVzdGNvb2tp\nZXECVQZ3b3JrZWRxA3Mu\n"}}, {"pk": "f2400c4de47176c1844d2113ff2a04df", "model": "sessions.session", "fields": {"expire_date": "2011-11-16 11:37:21", "session_data": "NTE4ZmIxMjUyYTYzMDZmODg2M2Q5ZGZjYTE1MzUzMGFlOWQwYjc1ZTqAAn1xAShVEl9hdXRoX3Vz\nZXJfYmFja2VuZHECVSlkamFuZ28uY29udHJpYi5hdXRoLmJhY2tlbmRzLk1vZGVsQmFja2VuZHED\nVQ1fYXV0aF91c2VyX2lkcQRLAnUu\n"}}, {"pk": 1, "model": "sites.site", "fields": {"domain": "example.com", "name": "example.com"}}, {"pk": 34, "model": "auth.permission", "fields": {"codename": "add_logentry", "name": "Can add log entry", "content_type": 12}}, {"pk": 35, "model": "auth.permission", "fields": {"codename": "change_logentry", "name": "Can change log entry", "content_type": 12}}, {"pk": 36, "model": "auth.permission", "fields": {"codename": "delete_logentry", "name": "Can delete log entry", "content_type": 12}}, {"pk": 25, "model": "auth.permission", "fields": {"codename": "add_group", "name": "Can add group", "content_type": 9}}, {"pk": 26, "model": "auth.permission", "fields": {"codename": "change_group", "name": "Can change group", "content_type": 9}}, {"pk": 27, "model": "auth.permission", "fields": {"codename": "delete_group", "name": "Can delete group", "content_type": 9}}, {"pk": 31, "model": "auth.permission", "fields": {"codename": "add_message", "name": "Can add message", "content_type": 11}}, {"pk": 32, "model": "auth.permission", "fields": {"codename": "change_message", "name": "Can change message", "content_type": 11}}, {"pk": 33, "model": "auth.permission", "fields": {"codename": "delete_message", "name": "Can delete message", "content_type": 11}}, {"pk": 22, "model": "auth.permission", "fields": {"codename": "add_permission", "name": "Can add permission", "content_type": 8}}, {"pk": 23, "model": "auth.permission", "fields": {"codename": "change_permission", "name": "Can change permission", "content_type": 8}}, {"pk": 24, "model": "auth.permission", "fields": {"codename": "delete_permission", "name": "Can delete permission", "content_type": 8}}, {"pk": 28, "model": "auth.permission", "fields": {"codename": "add_user", "name": "Can add user", "content_type": 10}}, {"pk": 29, "model": "auth.permission", "fields": {"codename": "change_user", "name": "Can change user", "content_type": 10}}, {"pk": 30, "model": "auth.permission", "fields": {"codename": "delete_user", "name": "Can delete user", "content_type": 10}}, {"pk": 7, "model": "auth.permission", "fields": {"codename": "add_compasperson", "name": "Can add compas person", "content_type": 3}}, {"pk": 8, "model": "auth.permission", "fields": {"codename": "change_compasperson", "name": "Can change compas person", "content_type": 3}}, {"pk": 9, "model": "auth.permission", "fields": {"codename": "delete_compasperson", "name": "Can delete compas person", "content_type": 3}}, {"pk": 19, "model": "auth.permission", "fields": {"codename": "add_dispatchdetail", "name": "Can add dispatch detail", "content_type": 7}}, {"pk": 20, "model": "auth.permission", "fields": {"codename": "change_dispatchdetail", "name": "Can change dispatch detail", "content_type": 7}}, {"pk": 21, "model": "auth.permission", "fields": {"codename": "delete_dispatchdetail", "name": "Can delete dispatch detail", "content_type": 7}}, {"pk": 16, "model": "auth.permission", "fields": {"codename": "add_dispatchmaster", "name": "Can add dispatch master", "content_type": 6}}, {"pk": 17, "model": "auth.permission", "fields": {"codename": "change_dispatchmaster", "name": "Can change dispatch master", "content_type": 6}}, {"pk": 18, "model": "auth.permission", "fields": {"codename": "delete_dispatchmaster", "name": "Can delete dispatch master", "content_type": 6}}, {"pk": 10, "model": "auth.permission", "fields": {"codename": "add_epicstock", "name": "Can add epic stock", "content_type": 4}}, {"pk": 11, "model": "auth.permission", "fields": {"codename": "change_epicstock", "name": "Can change epic stock", "content_type": 4}}, {"pk": 12, "model": "auth.permission", "fields": {"codename": "delete_epicstock", "name": "Can delete epic stock", "content_type": 4}}, {"pk": 13, "model": "auth.permission", "fields": {"codename": "add_ltioriginal", "name": "Can add lti original", "content_type": 5}}, {"pk": 14, "model": "auth.permission", "fields": {"codename": "change_ltioriginal", "name": "Can change lti original", "content_type": 5}}, {"pk": 15, "model": "auth.permission", "fields": {"codename": "delete_ltioriginal", "name": "Can delete lti original", "content_type": 5}}, {"pk": 4, "model": "auth.permission", "fields": {"codename": "add_place", "name": "Can add place", "content_type": 2}}, {"pk": 5, "model": "auth.permission", "fields": {"codename": "change_place", "name": "Can change place", "content_type": 2}}, {"pk": 6, "model": "auth.permission", "fields": {"codename": "delete_place", "name": "Can delete place", "content_type": 2}}, {"pk": 37, "model": "auth.permission", "fields": {"codename": "add_contenttype", "name": "Can add content type", "content_type": 13}}, {"pk": 38, "model": "auth.permission", "fields": {"codename": "change_contenttype", "name": "Can change content type", "content_type": 13}}, {"pk": 39, "model": "auth.permission", "fields": {"codename": "delete_contenttype", "name": "Can delete content type", "content_type": 13}}, {"pk": 76, "model": "auth.permission", "fields": {"codename": "add_commodity", "name": "Can add Commodity", "content_type": 26}}, {"pk": 77, "model": "auth.permission", "fields": {"codename": "change_commodity", "name": "Can change Commodity", "content_type": 26}}, {"pk": 78, "model": "auth.permission", "fields": {"codename": "delete_commodity", "name": "Can delete Commodity", "content_type": 26}}, {"pk": 73, "model": "auth.permission", "fields": {"codename": "add_commoditycategory", "name": "Can add Commodity Category", "content_type": 25}}, {"pk": 74, "model": "auth.permission", "fields": {"codename": "change_commoditycategory", "name": "Can change Commodity Category", "content_type": 25}}, {"pk": 75, "model": "auth.permission", "fields": {"codename": "delete_commoditycategory", "name": "Can delete Commodity Category", "content_type": 25}}, {"pk": 58, "model": "auth.permission", "fields": {"codename": "add_compas", "name": "Can add Compas station", "content_type": 20}}, {"pk": 59, "model": "auth.permission", "fields": {"codename": "change_compas", "name": "Can change Compas station", "content_type": 20}}, {"pk": 60, "model": "auth.permission", "fields": {"codename": "delete_compas", "name": "Can delete Compas station", "content_type": 20}}, {"pk": 106, "model": "auth.permission", "fields": {"codename": "add_compaslogger", "name": "Can add COMPAS logger", "content_type": 36}}, {"pk": 107, "model": "auth.permission", "fields": {"codename": "change_compaslogger", "name": "Can change COMPAS logger", "content_type": 36}}, {"pk": 108, "model": "auth.permission", "fields": {"codename": "delete_compaslogger", "name": "Can delete COMPAS logger", "content_type": 36}}, {"pk": 103, "model": "auth.permission", "fields": {"codename": "add_loadingdetail", "name": "Can add loading detail", "content_type": 35}}, {"pk": 104, "model": "auth.permission", "fields": {"codename": "change_loadingdetail", "name": "Can change loading detail", "content_type": 35}}, {"pk": 105, "model": "auth.permission", "fields": {"codename": "delete_loadingdetail", "name": "Can delete loading detail", "content_type": 35}}, {"pk": 100, "model": "auth.permission", "fields": {"codename": "add_loadingdetailauditlogentry", "name": "Can add loading detail audit log entry", "content_type": 34}}, {"pk": 101, "model": "auth.permission", "fields": {"codename": "change_loadingdetailauditlogentry", "name": "Can change loading detail audit log entry", "content_type": 34}}, {"pk": 102, "model": "auth.permission", "fields": {"codename": "delete_loadingdetailauditlogentry", "name": "Can delete loading detail audit log entry", "content_type": 34}}, {"pk": 61, "model": "auth.permission", "fields": {"codename": "add_location", "name": "Can add location", "content_type": 21}}, {"pk": 62, "model": "auth.permission", "fields": {"codename": "change_location", "name": "Can change location", "content_type": 21}}, {"pk": 63, "model": "auth.permission", "fields": {"codename": "delete_location", "name": "Can delete location", "content_type": 21}}, {"pk": 85, "model": "auth.permission", "fields": {"codename": "add_lossdamagetype", "name": "Can add Loss/Damages Reason", "content_type": 29}}, {"pk": 86, "model": "auth.permission", "fields": {"codename": "change_lossdamagetype", "name": "Can change Loss/Damages Reason", "content_type": 29}}, {"pk": 87, "model": "auth.permission", "fields": {"codename": "delete_lossdamagetype", "name": "Can delete Loss/Damages Reason", "content_type": 29}}, {"pk": 88, "model": "auth.permission", "fields": {"codename": "add_order", "name": "Can add order", "content_type": 30}}, {"pk": 89, "model": "auth.permission", "fields": {"codename": "change_order", "name": "Can change order", "content_type": 30}}, {"pk": 90, "model": "auth.permission", "fields": {"codename": "delete_order", "name": "Can delete order", "content_type": 30}}, {"pk": 91, "model": "auth.permission", "fields": {"codename": "add_orderitem", "name": "Can add order item", "content_type": 31}}, {"pk": 92, "model": "auth.permission", "fields": {"codename": "change_orderitem", "name": "Can change order item", "content_type": 31}}, {"pk": 93, "model": "auth.permission", "fields": {"codename": "delete_orderitem", "name": "Can delete order item", "content_type": 31}}, {"pk": 64, "model": "auth.permission", "fields": {"codename": "add_organization", "name": "Can add oranization", "content_type": 22}}, {"pk": 65, "model": "auth.permission", "fields": {"codename": "change_organization", "name": "Can change oranization", "content_type": 22}}, {"pk": 66, "model": "auth.permission", "fields": {"codename": "delete_organization", "name": "Can delete oranization", "content_type": 22}}, {"pk": 79, "model": "auth.permission", "fields": {"codename": "add_package", "name": "Can add Packaging", "content_type": 27}}, {"pk": 80, "model": "auth.permission", "fields": {"codename": "change_package", "name": "Can change Packaging", "content_type": 27}}, {"pk": 81, "model": "auth.permission", "fields": {"codename": "delete_package", "name": "Can delete Packaging", "content_type": 27}}, {"pk": 70, "model": "auth.permission", "fields": {"codename": "add_person", "name": "Can add person", "content_type": 24}}, {"pk": 71, "model": "auth.permission", "fields": {"codename": "change_person", "name": "Can change person", "content_type": 24}}, {"pk": 72, "model": "auth.permission", "fields": {"codename": "delete_person", "name": "Can delete person", "content_type": 24}}, {"pk": 82, "model": "auth.permission", "fields": {"codename": "add_stockitem", "name": "Can add Stock Item", "content_type": 28}}, {"pk": 83, "model": "auth.permission", "fields": {"codename": "change_stockitem", "name": "Can change Stock Item", "content_type": 28}}, {"pk": 84, "model": "auth.permission", "fields": {"codename": "delete_stockitem", "name": "Can delete Stock Item", "content_type": 28}}, {"pk": 67, "model": "auth.permission", "fields": {"codename": "add_warehouse", "name": "Can add warehouse", "content_type": 23}}, {"pk": 68, "model": "auth.permission", "fields": {"codename": "change_warehouse", "name": "Can change warehouse", "content_type": 23}}, {"pk": 69, "model": "auth.permission", "fields": {"codename": "delete_warehouse", "name": "Can delete warehouse", "content_type": 23}}, {"pk": 97, "model": "auth.permission", "fields": {"codename": "add_waybill", "name": "Can add waybill", "content_type": 33}}, {"pk": 98, "model": "auth.permission", "fields": {"codename": "change_waybill", "name": "Can change waybill", "content_type": 33}}, {"pk": 99, "model": "auth.permission", "fields": {"codename": "delete_waybill", "name": "Can delete waybill", "content_type": 33}}, {"pk": 94, "model": "auth.permission", "fields": {"codename": "add_waybillauditlogentry", "name": "Can add waybill audit log entry", "content_type": 32}}, {"pk": 95, "model": "auth.permission", "fields": {"codename": "change_waybillauditlogentry", "name": "Can change waybill audit log entry", "content_type": 32}}, {"pk": 96, "model": "auth.permission", "fields": {"codename": "delete_waybillauditlogentry", "name": "Can delete waybill audit log entry", "content_type": 32}}, {"pk": 109, "model": "auth.permission", "fields": {"codename": "add_updatelog", "name": "Can add update log", "content_type": 37}}, {"pk": 110, "model": "auth.permission", "fields": {"codename": "change_updatelog", "name": "Can change update log", "content_type": 37}}, {"pk": 111, "model": "auth.permission", "fields": {"codename": "delete_updatelog", "name": "Can delete update log", "content_type": 37}}, {"pk": 52, "model": "auth.permission", "fields": {"codename": "add_consumer", "name": "Can add consumer", "content_type": 18}}, {"pk": 53, "model": "auth.permission", "fields": {"codename": "change_consumer", "name": "Can change consumer", "content_type": 18}}, {"pk": 54, "model": "auth.permission", "fields": {"codename": "delete_consumer", "name": "Can delete consumer", "content_type": 18}}, {"pk": 46, "model": "auth.permission", "fields": {"codename": "add_nonce", "name": "Can add nonce", "content_type": 16}}, {"pk": 47, "model": "auth.permission", "fields": {"codename": "change_nonce", "name": "Can change nonce", "content_type": 16}}, {"pk": 48, "model": "auth.permission", "fields": {"codename": "delete_nonce", "name": "Can delete nonce", "content_type": 16}}, {"pk": 49, "model": "auth.permission", "fields": {"codename": "add_resource", "name": "Can add resource", "content_type": 17}}, {"pk": 50, "model": "auth.permission", "fields": {"codename": "change_resource", "name": "Can change resource", "content_type": 17}}, {"pk": 51, "model": "auth.permission", "fields": {"codename": "delete_resource", "name": "Can delete resource", "content_type": 17}}, {"pk": 55, "model": "auth.permission", "fields": {"codename": "add_token", "name": "Can add token", "content_type": 19}}, {"pk": 56, "model": "auth.permission", "fields": {"codename": "change_token", "name": "Can change token", "content_type": 19}}, {"pk": 57, "model": "auth.permission", "fields": {"codename": "delete_token", "name": "Can delete token", "content_type": 19}}, {"pk": 40, "model": "auth.permission", "fields": {"codename": "add_session", "name": "Can add session", "content_type": 14}}, {"pk": 41, "model": "auth.permission", "fields": {"codename": "change_session", "name": "Can change session", "content_type": 14}}, {"pk": 42, "model": "auth.permission", "fields": {"codename": "delete_session", "name": "Can delete session", "content_type": 14}}, {"pk": 43, "model": "auth.permission", "fields": {"codename": "add_site", "name": "Can add site", "content_type": 15}}, {"pk": 44, "model": "auth.permission", "fields": {"codename": "change_site", "name": "Can change site", "content_type": 15}}, {"pk": 45, "model": "auth.permission", "fields": {"codename": "delete_site", "name": "Can delete site", "content_type": 15}}, {"pk": 1, "model": "auth.permission", "fields": {"codename": "add_migrationhistory", "name": "Can add migration history", "content_type": 1}}, {"pk": 2, "model": "auth.permission", "fields": {"codename": "change_migrationhistory", "name": "Can change migration history", "content_type": 1}}, {"pk": 3, "model": "auth.permission", "fields": {"codename": "delete_migrationhistory", "name": "Can delete migration history", "content_type": 1}}, {"pk": 2, "model": "ets.person", "fields": {"code": "0000586", "compas": "ISBX002", "title": "LOGISTICS OFFICER", "location": "ISBX", "groups": [], "user_permissions": [], "organization": "WFP"}}, {"pk": 3, "model": "ets.person", "fields": {"code": "0000613", "compas": "ISBX002", "title": "REGIONAL LOGISTICS COORDINATOR", "location": "ISBX", "groups": [], "user_permissions": [], "organization": "DOEAF"}}, {"pk": 4, "model": "ets.person", "fields": {"code": "0000615", "compas": "ISBX002", "title": "REGIONAL LOGISTICS COORDINATOR", "location": "OE7X", "groups": [], "user_permissions": [], "organization": "DOEAF"}}, {"pk": 1, "model": "auth.group", "fields": {"name": "Officer", "permissions": [71, 68]}}, {"pk": 1, "model": "auth.user", "fields": {"username": "admin", "first_name": "Admin", "last_name": "Adminskiy", "is_active": true, "is_superuser": true, "is_staff": true, "last_login": "2011-11-02 11:27:17", "groups": [], "user_permissions": [], "password": "sha1$1fcb3$8df119b3ac1f36c936a6ee3d99b50908a516f276", "email": "admin@example.com", "date_joined": "2011-11-01 07:29:39"}}, {"pk": 2, "model": "auth.user", "fields": {"username": "dispatcher", "first_name": "Test", "last_name": "Dispatcher", "is_active": true, "is_superuser": false, "is_staff": true, "last_login": "2011-11-02 11:37:21", "groups": [], "user_permissions": [], "password": "sha1$b3f5d$1f839c200fad577bd125f1ec830993719bf9dfd6", "email": "dispatcher@example.com", "date_joined": "2011-11-01 07:29:44"}}, {"pk": 3, "model": "auth.user", "fields": {"username": "recepient", "first_name": "Test", "last_name": "Recepient", "is_active": true, "is_superuser": false, "is_staff": true, "last_login": "2011-11-02 11:25:23", "groups": [], "user_permissions": [], "password": "sha1$7cf39$b9630a8123646e991cfbd961f27606f4017c18d0", "email": "recepient@example.com", "date_joined": "2011-11-01 07:29:44"}}, {"pk": 4, "model": "auth.user", "fields": {"username": "foreigner", "first_name": "Foreigner", "last_name": "foreignerovich", "is_active": true, "is_superuser": false, "is_staff": true, "last_login": "2011-11-01 07:29:44", "groups": [], "user_permissions": [], "password": "sha1$7cf39$b9630a8123646e991cfbd961f27606f4017c18d0", "email": "foreigner@example.com", "date_joined": "2011-11-01 07:29:44"}}]